index,Name,Prev. Season,Position,Service Time,Salary,Inn,E,DRS,UZR,RAA,FRM,SB_def,CS_def
0,Adam Jones,2010,CF,3,3250000,1298.33,7.0,-6.0,-3.8,0.0,0.0,0.0,0.0
1,Alberto Callaspo,2010,3B,3,2000000,1236.0,11.0,4.0,3.4,0.0,0.0,0.0,0.0
2,Alberto Gonzalez,2010,2B,2,600000,393.6,5.0,7.0,7.4,0.0,0.0,0.0,0.0
3,Alex Gordon,2010,LF,3,1400000,598.33,7.0,-3.0,-3.1999999999999997,0.0,0.0,0.0,0.0
4,Alexi Casilla,2010,SS,3,865000,370.33,5.0,2.0,3.0,0.0,0.0,0.0,0.0
5,Andres Torres,2010,CF,3,2100000,1119.4,1.0,14.0,21.7,0.0,0.0,0.0,0.0
7,Angel Pagan,2010,OF,4,3500000,1255.4,5.0,19.0,16.0,0.0,0.0,0.0,0.0
10,Asdrubal Cabrera,2010,SS,3,2025000,825.33,12.0,-4.0,-5.5,0.0,0.0,0.0,0.0
11,Ben Francisco,2010,OF,3,1175000,286.67,0.0,-1.0,-1.9,0.0,0.0,0.0,0.0
17,Brayan Pena,2010,C,3,660000,337.33,3.0,3.0,0.0,0.0,5.7,29.0,12.0
20,Carlos Gomez,2010,CF,3,1500000,617.4000000000001,5.0,5.0,2.5,0.0,0.0,0.0,0.0
22,Carlos Quentin,2010,RF,4,5050000,897.0,8.0,-23.0,-25.2,0.0,0.0,0.0,0.0
25,Chase Headley,2010,3B,2,2535000,1407.67,13.0,16.0,16.5,0.0,0.0,0.0,0.0
27,Chris Denorfia,2010,OF,3,800000,684.3,2.0,6.0,0.8000000000000007,0.0,0.0,0.0,0.0
29,Clint Barmes,2010,2B,5,3925000,995.33,10.0,11.0,3.6,0.0,0.0,0.0,0.0
30,Cody Ross,2010,OF,5,6300000,1239.4,4.0,2.0,4.1000000000000005,0.0,0.0,0.0,0.0
31,Conor Jackson,2010,OF,5,3200000,459.0,1.0,1.0,1.7000000000000002,0.0,0.0,0.0,0.0
34,Dan Johnson,2010,1B,3,1000000,140.0,2.0,-4.0,-3.4,0.0,0.0,0.0,0.0
37,David Murphy,2010,LF,3,2400000,967.3,1.0,0.0,-2.2,0.0,0.0,0.0,0.0
38,Delmon Young,2010,LF,4,5375000,1277.67,4.0,-11.0,-9.3,0.0,0.0,0.0,0.0
44,Erick Aybar,2010,SS,4,3000000,1179.67,21.0,5.0,-2.8,0.0,0.0,0.0,0.0
46,Felix Pie,2010,LF,3,985000,656.33,1.0,1.0,-0.7999999999999998,0.0,0.0,0.0,0.0
48,Geovany Soto,2010,C,3,3000000,847.33,4.0,3.0,0.0,0.0,8.1,74.0,21.0
52,Howie Kendrick,2010,2B,4,3300000,1355.3,10.0,-5.0,-7.6,0.0,0.0,0.0,0.0
53,Humberto Quintero,2010,C,4,1000000,653.67,5.0,7.0,0.0,0.0,3.5,35.0,19.0
54,Hunter Pence,2010,RF,3,6900000,1370.33,6.0,4.0,0.6,0.0,0.0,0.0,0.0
55,Ian Stewart,2010,3B,2,2229000,925.33,10.0,4.0,-3.4,0.0,0.0,0.0,0.0
56,J.J. Hardy,2010,SS,5,5850000,858.33,11.0,-5.0,7.4,0.0,0.0,0.0,0.0
57,Jacoby Ellsbury,2010,CF,3,2400000,150.3,0.0,2.0,1.4000000000000001,0.0,0.0,0.0,0.0
59,James Loney,2010,1B,4,4875000,1338.67,4.0,4.0,-0.2,0.0,0.0,0.0,0.0
61,Jarrod Saltalamacchia,2010,C,3,750000,53.67,1.0,-1.0,0.0,0.0,-0.1,6.0,1.0
63,Jason Repko,2010,OF,3,600000,306.0,0.0,8.0,12.1,0.0,0.0,0.0,0.0
65,Jeff Mathis,2010,C,4,1700000,553.67,7.0,7.0,0.0,0.0,1.8,43.0,11.0
66,Jeff Keppinger,2010,2B,4,2300000,1157.67,7.0,-16.0,-4.6,0.0,0.0,0.0,0.0
67,Jeff Baker,2010,1B,4,1175000,431.67,7.0,0.0,4.0,0.0,0.0,0.0,0.0
73,Jesus Flores,2010,C,3,750000,,,,,,,,
85,Jose Lopez,2010,3B,5,3600000,1252.67,18.0,11.0,8.7,0.0,0.0,0.0,0.0
86,Josh Willingham,2010,LF,5,6000000,880.33,1.0,2.0,-2.3,0.0,0.0,0.0,0.0
87,Josh Wilson,2010,2B,3,725000,913.0,22.0,2.0,-2.0999999999999996,0.0,0.0,0.0,0.0
89,Kelly Johnson,2010,2B,5,5850000,1270.67,8.0,0.0,7.5,0.0,0.0,0.0,0.0
90,Kendrys Morales,2010,DH,3,2975000,448.67,2.0,1.0,4.0,0.0,0.0,0.0,0.0
91,Kevin Kouzmanoff,2010,3B,4,4750000,1231.67,12.0,11.0,15.3,0.0,0.0,0.0,0.0
93,Koyie Hill,2010,C,4,850000,546.33,4.0,-8.0,0.0,0.0,-7.3,37.0,8.0
97,Luke Scott,2010,LF,4,6400000,261.0,3.0,-1.0,-0.19999999999999996,0.0,0.0,0.0,0.0
101,Martin Prado,2010,LF,3,3100000,1227.67,11.0,8.0,-3.3,0.0,0.0,0.0,0.0
105,Melvin Upton Jr.,2010,CF,4,4825000,1301.67,5.0,-16.0,0.5,0.0,0.0,0.0,0.0
106,Michael Bourn,2010,CF,4,4400000,1189.33,3.0,28.0,19.8,0.0,0.0,0.0,0.0
107,Miguel Montero,2010,C,4,3200000,658.33,2.0,10.0,0.0,0.0,8.7,47.0,21.0
108,Mike Napoli,2010,C,4,5800000,1111.33,12.0,-9.0,0.7,0.0,-3.6,52.0,19.0
109,Mike Fontenot,2010,2B,3,1050000,503.4,9.0,-5.0,-7.699999999999999,0.0,0.0,0.0,0.0
111,Michael Morse,2010,OF,3,1500000,570.33,0.0,-2.0,-5.8999999999999995,0.0,0.0,0.0,0.0
114,Nelson Cruz,2010,RF,3,3650000,887.3000000000001,5.0,1.0,10.1,0.0,0.0,0.0,0.0
118,Prince Fielder,2010,1B,5,15500000,1411.0,4.0,-17.0,-8.0,0.0,0.0,0.0,0.0
121,Reggie Willits,2010,OF,4,775000,419.4,1.0,6.0,4.4,0.0,0.0,0.0,0.0
123,Ronny Cedeno,2010,SS,5,1850000,1149.0,18.0,-7.0,-3.1,0.0,0.0,0.0,0.0
125,Ryan Sweeney,2010,OF,3,1400000,667.33,0.0,1.0,-0.9,0.0,0.0,0.0,0.0
126,Ryan Theriot,2010,2B,4,3300000,1238.33,10.0,-7.0,-3.6999999999999997,0.0,0.0,0.0,0.0
127,Ryan Ludwick,2010,OF,5,6775000,1079.0,2.0,7.0,1.8,0.0,0.0,0.0,0.0
133,Shin-Soo Choo,2010,RF,3,3975000,1249.67,4.0,7.0,6.3,0.0,0.0,0.0,0.0
138,Wilson Betemit,2010,3B,5,1000000,524.33,10.0,-16.0,-12.5,0.0,0.0,0.0,0.0
139,Yunel Escobar,2010,SS,3,2900000,1179.33,18.0,9.0,4.1,0.0,0.0,0.0,0.0
141,Adam Rosales,2011,2B,2,600000,158.3,4.0,-1.0,-3.3,0.0,0.0,0.0,0.0
142,Adam Jones,2011,CF,4,6150000,1281.0,8.0,-1.0,-8.6,0.0,0.0,0.0,0.0
143,Alberto Callaspo,2011,3B,4,3150000,1139.33,15.0,5.0,8.3,0.0,0.0,0.0,0.0
144,Alex Gordon,2011,LF,4,4775000,1332.0,4.0,19.0,11.1,0.0,0.0,0.0,0.0
145,Alexi Casilla,2011,SS,4,1383000,776.4,11.0,-1.0,-0.6,0.0,0.0,0.0,0.0
147,Andre Ethier,2011,RF,5,10950000,1091.33,0.0,1.0,5.9,0.0,0.0,0.0,0.0
148,Andres Torres,2011,CF,4,2700000,791.67,3.0,-1.0,8.2,0.0,0.0,0.0,0.0
151,Angel Pagan,2011,CF,5,4850000,1045.0,10.0,-9.0,-14.1,0.0,0.0,0.0,0.0
153,Asdrubal Cabrera,2011,SS,4,4550000,1326.67,15.0,0.0,-11.0,0.0,0.0,0.0,0.0
154,Ben Francisco,2011,OF,4,1538000,554.0,3.0,-8.0,-6.5,0.0,0.0,0.0,0.0
156,Blake DeWitt,2011,2B,3,1100000,360.67,7.0,-4.0,-3.9,0.0,0.0,0.0,0.0
162,Brayan Pena,2011,C,4,875000,537.0,2.0,4.0,0.0,0.0,9.1,48.0,27.0
163,Brett Gardner,2011,OF,3,2800000,1250.3,5.0,23.0,26.700000000000003,0.0,0.0,0.0,0.0
166,Carlos Gomez,2011,CF,4,1962000,569.0,0.0,16.0,12.8,0.0,0.0,0.0,0.0
167,Carlos Quentin,2011,RF,5,7025000,854.67,1.0,0.0,0.5,0.0,0.0,0.0,0.0
168,Casey McGehee,2011,3B,3,2538000,1238.33,20.0,4.0,7.1,0.0,0.0,0.0,0.0
170,Chase Headley,2011,3B,3,3450000,895.33,11.0,0.0,-3.8,0.0,0.0,0.0,0.0
171,Chris Denorfia,2011,OF,4,1165000,659.4,3.0,5.0,2.0999999999999996,0.0,0.0,0.0,0.0
175,Chris Getz,2011,2B,3,968000,920.33,7.0,-1.0,4.7,0.0,0.0,0.0,0.0
177,Colby Rasmus,2011,CF,3,2700000,1092.67,6.0,-4.0,-8.6,0.0,0.0,0.0,0.0
183,Daric Barton,2011,1B,3,1100000,568.33,8.0,4.0,2.1,0.0,0.0,0.0,0.0
185,David Murphy,2011,LF,4,3625000,895.67,4.0,3.0,-0.2999999999999998,0.0,0.0,0.0,0.0
188,Delmon Young,2011,LF,5,6750000,994.33,7.0,-5.0,-3.3,0.0,0.0,0.0,0.0
189,Dexter Fowler,2011,CF,2,2350000,1072.67,8.0,-5.0,-5.0,0.0,0.0,0.0,0.0
190,Don Kelly,2011,OF,2,900000,623.3,5.0,3.0,2.4,0.0,0.0,0.0,0.0
191,Donnie Murphy,2011,3B,3,560000,220.3,2.0,-2.0,2.3,0.0,0.0,0.0,0.0
196,Emilio Bonifacio,2011,OF,3,2200000,1258.5,13.0,-7.0,-6.9,0.0,0.0,0.0,0.0
197,Emmanuel Burriss,2011,2B,2,625000,305.0,5.0,0.0,-0.6,0.0,0.0,0.0,0.0
199,Erick Aybar,2011,SS,5,5075000,1262.0,13.0,-1.0,1.8,0.0,0.0,0.0,0.0
204,Garrett Jones,2011,1B,2,2250000,919.33,4.0,-8.0,-1.9,0.0,0.0,0.0,0.0
205,George Kottaras,2011,C,2,700000,253.0,0.0,-3.0,0.0,0.0,-3.6,18.0,3.0
206,Geovany Soto,2011,C,4,4300000,1041.67,13.0,8.0,0.0,0.0,13.5,85.0,36.0
209,Humberto Quintero,2011,C,5,1000000,642.0,5.0,1.0,0.0,0.0,-5.7,48.0,14.0
210,Hunter Pence,2011,RF,4,10400000,1342.67,6.0,2.0,-4.1,0.0,0.0,0.0,0.0
211,Ian Stewart,2011,3B,3,2237000,284.0,6.0,4.0,2.2,0.0,0.0,0.0,0.0
214,Jack Hannahan,2011,3B,3,1135000,852.0,5.0,6.0,8.6,0.0,0.0,0.0,0.0
215,Jacoby Ellsbury,2011,CF,4,8050000,1358.33,0.0,9.0,16.0,0.0,0.0,0.0,0.0
217,James Loney,2011,1B,5,6375000,1203.67,5.0,11.0,4.0,0.0,0.0,0.0,0.0
218,Jarrod Saltalamacchia,2011,C,4,2500000,856.0,6.0,4.0,0.0,0.0,10.7,83.0,37.0
222,Jed Lowrie,2011,SS,3,1150000,681.33,15.0,-1.0,-4.0,0.0,0.0,0.0,0.0
223,Jeff Mathis,2011,C,5,1500000,698.0,3.0,11.0,0.0,0.0,6.9,48.0,18.0
224,Jeff Baker,2011,1B,5,1375000,351.67,1.0,-2.0,-1.9,0.0,0.0,0.0,0.0
230,Jesus Flores,2011,C,4,815000,193.0,1.0,2.0,0.0,0.0,2.4,16.0,4.0
238,John Baker,2011,C,3,750000,3.0,0.0,0.0,0.0,0.0,0.0,0.0,0.0
246,Kelly Johnson,2011,2B,6,6375000,1224.0,10.0,1.0,1.5,0.0,0.0,0.0,0.0
247,Kendrys Morales,2011,DH,4,2975000,,,,,,,,
251,Landon Powell,2011,C,2,620000,281.33,2.0,3.0,0.3,0.0,-3.5,16.0,9.0
257,Martin Prado,2011,LF,4,4750000,1164.33,8.0,10.0,6.5,0.0,0.0,0.0,0.0
262,Melky Cabrera,2011,CF,5,6000000,1339.67,3.0,-5.0,-6.699999999999999,0.0,0.0,0.0,0.0
263,Melvin Upton Jr.,2011,CF,5,7000000,1326.33,3.0,-5.0,1.7,0.0,0.0,0.0,0.0
264,Michael Bourn,2011,CF,5,6845000,1359.0,3.0,-5.0,-6.4,0.0,0.0,0.0,0.0
265,Miguel Montero,2011,C,5,5900000,1169.33,11.0,19.0,0.0,0.0,20.0,48.0,32.0
266,Mike Fontenot,2011,2B,4,1050000,469.67,7.0,-4.0,1.0,0.0,0.0,0.0,0.0
268,Mike Napoli,2011,C,5,9400000,752.67,3.0,-7.0,-1.2,0.0,-10.5,21.0,12.0
270,Mike Aviles,2011,2B,3,1200000,648.4,12.0,-2.0,-6.9,0.0,0.0,0.0,0.0
271,Mitch Maier,2011,OF,3,865000,203.3,0.0,5.0,3.1,0.0,0.0,0.0,0.0
272,Nate Schierholtz,2011,RF,3,1300000,764.67,3.0,-5.0,-1.9,0.0,0.0,0.0,0.0
273,Nick Hundley,2011,C,3,2000000,654.33,6.0,-3.0,0.0,0.0,-9.8,57.0,32.0
274,Nyjer Morgan,2011,CF,3,2350000,833.4000000000001,2.0,4.0,9.1,0.0,0.0,0.0,0.0
281,Robert Andino,2011,2B,3,1300000,1130.67,10.0,11.0,1.5999999999999999,0.0,0.0,0.0,0.0
282,Russell Martin,2011,C,5,7500000,1050.33,11.0,18.0,-0.5,0.0,27.4,95.0,40.0
283,Ryan Sweeney,2011,OF,4,1750000,617.3,0.0,-3.0,-3.2,0.0,0.0,0.0,0.0
284,Ryan Roberts,2011,3B,2,2013000,1134.3,14.0,-6.0,7.4,0.0,0.0,0.0,0.0
287,Seth Smith,2011,OF,3,2415000,1053.3,5.0,-8.0,-5.3999999999999995,0.0,0.0,0.0,0.0
290,Shin-Soo Choo,2011,RF,4,4900000,735.33,4.0,2.0,2.1,0.0,0.0,0.0,0.0
294,Will Venable,2011,OF,2,1475000,793.67,2.0,5.0,0.1999999999999993,0.0,0.0,0.0,0.0
295,Wilson Valdez,2011,SS,3,930000,699.4,9.0,-9.0,-4.2,0.0,0.0,0.0,0.0
296,A.J. Ellis,2012,C,2,2000000,1151.0,6.0,-6.0,0.0,0.0,-9.1,74.0,36.0
297,Adam Rosales,2012,2B,3,700000,283.0,0.0,6.0,1.7999999999999998,0.0,0.0,0.0,0.0
298,Alejandro De Aza,2012,OF,3,2075000,1132.4,3.0,-6.0,-3.1,0.0,0.0,0.0,0.0
299,Alex Avila,2012,C,3,2950000,937.67,6.0,5.0,0.0,0.0,5.2,79.0,34.0
300,Alexi Casilla,2012,SS,5,1700000,756.0,9.0,15.0,2.2,0.0,0.0,0.0,0.0
306,Austin Jackson,2012,CF,3,3500000,1184.0,1.0,6.0,0.7,0.0,0.0,0.0,0.0
311,Brandon Moss,2012,1B,2,1600000,601.67,9.0,-5.0,-3.6999999999999997,0.0,0.0,0.0,0.0
312,Brendan Ryan,2012,SS,5,3250000,1170.67,9.0,27.0,12.1,0.0,0.0,0.0,0.0
313,Brennan Boesch,2012,RF,3,2300000,909.67,2.0,-6.0,-4.9,0.0,0.0,0.0,0.0
314,Brett Hayes,2012,C,2,600000,278.0,5.0,-4.0,0.0,0.0,-4.8,22.0,6.0
315,Brett Gardner,2012,OF,4,2850000,85.33,0.0,1.0,1.3,0.0,0.0,0.0,0.0
320,Buster Posey,2012,C,2,8000000,1189.0,10.0,15.0,-0.2,0.0,24.8,87.0,38.0
321,Carlos Gomez,2012,CF,5,4300000,911.33,5.0,2.0,0.7,0.0,0.0,0.0,0.0
323,Chase Headley,2012,3B,4,8575000,1399.0,10.0,-3.0,5.1,0.0,0.0,0.0,0.0
325,Chris Johnson,2012,3B,2,2288000,1105.3,19.0,-10.0,-5.4,0.0,0.0,0.0,0.0
327,Chris Davis,2012,1B,3,3300000,661.0,6.0,-4.0,-2.9000000000000004,0.0,0.0,0.0,0.0
329,Chris Heisey,2012,OF,2,1325000,736.5999999999999,3.0,-3.0,-0.6000000000000001,0.0,0.0,0.0,0.0
330,Chris Getz,2012,2B,4,1050000,483.33,4.0,-2.0,0.7,0.0,0.0,0.0,0.0
332,Colby Rasmus,2012,CF,4,4675000,1237.33,6.0,7.0,2.3,0.0,0.0,0.0,0.0
334,Daniel Murphy,2012,2B,3,2925000,1187.4,15.0,-10.0,-8.1,0.0,0.0,0.0,0.0
336,Daric Barton,2012,1B,3,1100000,313.33,0.0,2.0,3.5,0.0,0.0,0.0,0.0
337,David Freese,2012,3B,3,3150000,1153.67,18.0,2.0,1.7,0.0,0.0,0.0,0.0
338,David Murphy,2012,LF,5,5775000,1025.0,1.0,5.0,3.3,0.0,0.0,0.0,0.0
343,Drew Stubbs,2012,CF,3,2825000,1107.33,5.0,1.0,7.9,0.0,0.0,0.0,0.0
344,Drew Butera,2012,C,2,700000,299.67,1.0,-1.0,0.0,0.0,-1.9,23.0,7.0
347,Emilio Bonifacio,2012,OF,4,2600000,549.3000000000001,4.0,-4.0,-4.3,0.0,0.0,0.0,0.0
349,Everth Cabrera,2012,SS,2,1275000,953.67,16.0,-4.0,-3.7,0.0,0.0,0.0,0.0
352,Gaby Sanchez,2012,1B,3,1750000,697.33,3.0,6.0,7.0,0.0,0.0,0.0,0.0
353,Garrett Jones,2012,1B,3,4500000,996.67,9.0,-9.0,-6.7,0.0,0.0,0.0,0.0
354,George Kottaras,2012,C,3,1000000,419.33,4.0,-6.0,-0.1,0.0,-1.9,38.0,8.0
355,Gerardo Parra,2012,OF,3,2350000,841.67,4.0,9.0,4.6,0.0,0.0,0.0,0.0
356,Gordon Beckham,2012,2B,3,2925000,1308.67,7.0,-6.0,2.9,0.0,0.0,0.0,0.0
357,Gregor Blanco,2012,OF,2,1350000,877.4000000000001,2.0,7.0,4.9,0.0,0.0,0.0,0.0
359,Hunter Pence,2012,RF,5,13800000,1408.33,7.0,-6.0,0.0,0.0,0.0,0.0,0.0
361,Ian Desmond,2012,SS,3,3800000,1139.33,15.0,-6.0,0.8,0.0,0.0,0.0,0.0
362,Ike Davis,2012,1B,2,3125000,1222.33,8.0,-3.0,-2.6,0.0,0.0,0.0,0.0
364,Jacoby Ellsbury,2012,CF,5,9000000,611.33,3.0,2.0,-0.3,0.0,0.0,0.0,0.0
367,Jarrod Saltalamacchia,2012,C,5,4500000,854.0,7.0,5.0,0.0,0.0,8.8,80.0,18.0
368,Jason Heyward,2012,RF,3,3650000,1355.67,5.0,17.0,11.799999999999999,0.0,0.0,0.0,0.0
371,Jed Lowrie,2012,SS,4,2400000,773.33,8.0,-3.0,2.7,0.0,0.0,0.0,0.0
377,Joaquin Arias,2012,3B,3,925000,749.3,9.0,-5.0,-1.9,0.0,0.0,0.0,0.0
383,John Jaso,2012,C,3,1800000,343.33,0.0,-4.0,0.0,0.0,-5.8,27.0,7.0
384,John Baker,2012,C,4,930000,460.33,4.0,1.0,0.0,0.0,-0.6,49.0,9.0
385,Jonathan Herrera,2012,2B,3,900000,509.0,3.0,-6.0,1.2000000000000002,0.0,0.0,0.0,0.0
392,Kendrys Morales,2012,DH,5,5250000,241.0,1.0,-1.0,1.0,0.0,0.0,0.0,0.0
394,Kevin Frandsen,2012,2B,3,850000,442.67,7.0,2.0,-1.2,0.0,0.0,0.0,0.0
396,Kyle Blanks,2012,LF,3,605000,9.67,0.0,0.0,0.0,0.0,0.0,0.0,0.0
397,Lou Marson,2012,C,3,1000000,555.67,2.0,-12.0,0.0,0.0,-10.3,67.0,11.0
398,Luis Valbuena,2012,3B,2,930000,654.3000000000001,7.0,4.0,11.6,0.0,0.0,0.0,0.0
405,Matt Wieters,2012,C,3,5500000,1188.67,10.0,13.0,0.0,0.0,4.9,51.0,32.0
406,Matt Joyce,2012,OF,3,2450000,957.33,2.0,4.0,-2.1,0.0,0.0,0.0,0.0
411,Neil Walker,2012,2B,2,3300000,1068.67,9.0,-4.0,-3.3,0.0,0.0,0.0,0.0
412,Nolan Reimold,2012,OF,3,1000000,126.0,3.0,-1.0,-1.8,0.0,0.0,0.0,0.0
414,Paul Janish,2012,SS,3,725000,450.33,2.0,4.0,1.1,0.0,0.0,0.0,0.0
417,Rajai Davis,2012,OF,5,2500000,1037.67,8.0,3.0,-0.6,0.0,0.0,0.0,0.0
419,Roger Bernadina,2012,OF,3,1212000,503.20000000000005,0.0,-1.0,0.8999999999999999,0.0,0.0,0.0,0.0
423,Ryan Roberts,2012,3B,3,2950000,1027.3000000000002,9.0,9.0,3.8,0.0,0.0,0.0,0.0
424,Sam Fuld,2012,OF,2,725000,232.0,1.0,5.0,2.0,0.0,0.0,0.0,0.0
425,Sean Rodriguez,2012,2B,3,1000000,801.0,18.0,5.0,-2.0,0.0,0.0,0.0,0.0
426,Seth Smith,2012,OF,4,3675000,514.3000000000001,2.0,2.0,1.4,0.0,0.0,0.0,0.0
428,Shin-Soo Choo,2012,RF,5,7375000,1331.67,2.0,-10.0,-8.4,0.0,0.0,0.0,0.0
429,Taylor Teagarden,2012,C,3,650000,152.0,0.0,-2.0,0.0,0.0,-0.9,6.0,2.0
435,Tyler Colvin,2012,OF,2,2275000,890.3,5.0,3.0,1.4,0.0,0.0,0.0,0.0
437,Will Venable,2012,OF,3,2675000,931.67,7.0,-3.0,-1.2,0.0,0.0,0.0,0.0
439,A.J. Ellis,2013,C,3,3550000,972.33,3.0,-4.0,0.0,0.0,-2.3,35.0,28.0
441,Adam Rosales,2013,2B,4,750000,354.3,7.0,-2.0,-1.4,0.0,0.0,0.0,0.0
443,Alejandro De Aza,2013,OF,4,4250000,1314.4,8.0,-15.0,-3.7,0.0,0.0,0.0,0.0
444,Alex Avila,2013,C,4,4150000,836.67,6.0,-3.0,0.0,0.0,4.8,73.0,15.0
449,Andy Dirks,2013,LF,2,1625000,949.4000000000001,2.0,6.0,3.3,0.0,0.0,0.0,0.0
453,Austin Jackson,2013,CF,4,6000000,1145.67,2.0,2.0,-1.3,0.0,0.0,0.0,0.0
454,Ben Revere,2013,OF,2,1950000,708.0,2.0,0.0,-1.6,0.0,0.0,0.0,0.0
457,Brandon Moss,2013,1B,3,4099999,1042.4,8.0,-8.0,-6.0,0.0,0.0,0.0,0.0
459,Brandon Belt,2013,1B,2,2900000,1174.33,8.0,2.0,3.2,0.0,0.0,0.0,0.0
461,Brett Hayes,2013,C,3,630000,44.0,0.0,-1.0,0.0,0.0,-1.7,3.0,1.0
462,Brett Gardner,2013,OF,5,5600000,1166.33,3.0,4.0,-1.3,0.0,0.0,0.0,0.0
468,Chase Headley,2013,3B,5,10525000,1235.0,11.0,4.0,5.8,0.0,0.0,0.0,0.0
469,Chris Johnson,2013,3B,3,4750000,1119.67,14.0,-5.0,-1.1,0.0,0.0,0.0,0.0
470,Chris Davis,2013,1B,4,10350000,1377.67,6.0,-2.0,-0.4,0.0,0.0,0.0,0.0
471,Chris Heisey,2013,OF,3,1760000,455.0,0.0,7.0,4.4,0.0,0.0,0.0,0.0
472,Chris Stewart,2013,C,3,515000,848.33,2.0,9.0,0.0,0.0,19.9,37.0,17.0
473,Colby Rasmus,2013,CF,5,7000000,1002.67,4.0,12.0,-0.3,0.0,0.0,0.0,0.0
474,Craig Gentry,2013,OF,3,1145000,647.67,2.0,11.0,10.1,0.0,0.0,0.0,0.0
475,Daniel Descalso,2013,2B,3,1290000,757.4,14.0,-4.0,-6.5,0.0,0.0,0.0,0.0
476,Daniel Murphy,2013,2B,4,5700000,1396.33,18.0,-10.0,-5.5,0.0,0.0,0.0,0.0
477,Daric Barton,2013,1B,4,1250000,267.67,1.0,0.0,2.6,0.0,0.0,0.0,0.0
478,Darwin Barney,2013,2B,3,2300000,1237.33,4.0,4.0,7.6,0.0,0.0,0.0,0.0
479,David Freese,2013,3B,4,5050000,1050.67,11.0,-7.0,-9.0,0.0,0.0,0.0,0.0
482,Dayan Viciedo,2013,LF,2,2800000,892.67,5.0,-2.0,-0.6,0.0,0.0,0.0,0.0
484,Don Kelly,2013,OF,4,1000000,556.4,2.0,-7.0,-2.0,0.0,0.0,0.0,0.0
485,Donnie Murphy,2013,3B,4,825000,345.67,4.0,-4.0,-2.5,0.0,0.0,0.0,0.0
487,Drew Butera,2013,C,3,700000,26.0,0.0,0.0,0.1,0.0,0.0,0.0,0.0
488,Drew Stubbs,2013,CF,4,4099999,1124.0,6.0,-6.0,0.8,0.0,0.0,0.0,0.0
490,Emilio Bonifacio,2013,OF,5,3500000,1016.3000000000001,10.0,0.0,-0.40000000000000013,0.0,0.0,0.0,0.0
491,Eric Young Jr.,2013,OF,3,1850000,1097.3000000000002,4.0,-7.0,-0.30000000000000027,0.0,0.0,0.0,0.0
493,Eric Hosmer,2013,1B,2,3600000,1378.33,8.0,1.0,2.8,0.0,0.0,0.0,0.0
496,Everth Cabrera,2013,SS,3,2450000,847.67,6.0,-3.0,-2.6,0.0,0.0,0.0,0.0
499,Francisco Cervelli,2013,C,3,700000,139.0,4.0,2.0,0.0,0.0,3.1,2.0,2.0
502,Gaby Sanchez,2013,1B,4,2300000,656.33,3.0,-5.0,-1.1,0.0,0.0,0.0,0.0
503,George Kottaras,2013,C,4,1075000,262.0,4.0,-4.0,0.0,0.0,-4.9,25.0,9.0
504,Gerardo Parra,2013,OF,4,4850000,1355.33,5.0,33.0,19.400000000000002,0.0,0.0,0.0,0.0
505,Giancarlo Stanton,2013,RF,3,6500000,1031.33,8.0,-5.0,-5.2,0.0,0.0,0.0,0.0
506,Gordon Beckham,2013,2B,4,4175000,890.33,12.0,-6.0,0.3,0.0,0.0,0.0,0.0
508,Gregor Blanco,2013,OF,3,2525000,1022.67,0.0,11.0,6.8,0.0,0.0,0.0,0.0
510,Ike Davis,2013,1B,3,3500000,781.0,9.0,-3.0,-2.4,0.0,0.0,0.0,0.0
514,Jason Castro,2013,C,3,2450000,827.33,5.0,-5.0,0.0,0.0,-4.2,58.0,19.0
515,Jed Lowrie,2013,SS,5,5250000,1222.33,18.0,-20.0,-7.8,0.0,0.0,0.0,0.0
520,Jesus Guzman,2013,1B,2,1300000,539.4000000000001,6.0,-2.0,-2.0,0.0,0.0,0.0,0.0
523,John Jaso,2013,C,4,2300000,365.33,3.0,-9.0,0.0,0.0,-7.8,28.0,4.0
524,John Mayberry,2013,OF,3,1587000,855.33,2.0,-11.0,-6.8,0.0,0.0,0.0,0.0
525,Jon Jay,2013,OF,3,3250000,1285.67,1.0,-10.0,-7.4,0.0,0.0,0.0,0.0
526,Jonathan Herrera,2013,2B,4,1300000,450.40000000000003,5.0,0.0,0.6,0.0,0.0,0.0,0.0
529,Jordan Schafer,2013,CF,3,1090000,493.67,1.0,2.0,-0.29999999999999993,0.0,0.0,0.0,0.0
530,Jose Lobaton,2013,C,2,900000,713.67,3.0,-2.0,0.0,0.0,2.2,63.0,10.0
531,Josh Reddick,2013,RF,3,2700000,966.33,5.0,16.0,11.8,0.0,0.0,0.0,0.0
534,Juan Francisco,2013,3B,2,1350000,787.3,17.0,-6.0,-6.8,0.0,0.0,0.0,0.0
538,Justin Smoak,2013,1B,3,2638000,1084.33,5.0,-7.0,-3.4,0.0,0.0,0.0,0.0
539,Justin Ruggiano,2013,OF,3,2000000,945.0,4.0,-4.0,1.7999999999999998,0.0,0.0,0.0,0.0
540,Justin Maxwell,2013,OF,3,1325000,567.0,5.0,-6.0,-3.5,0.0,0.0,0.0,0.0
543,Kevin Frandsen,2013,2B,4,900000,447.0,4.0,2.0,2.1,0.0,0.0,0.0,0.0
545,Kyle Blanks,2013,LF,4,988000,629.4,4.0,2.0,0.7000000000000002,0.0,0.0,0.0,0.0
547,Logan Morrison,2013,1B,3,1750000,691.67,3.0,-3.0,-3.3,0.0,0.0,0.0,0.0
548,Lucas Duda,2013,1B,2,1637000,774.0,2.0,-13.0,-9.1,0.0,0.0,0.0,0.0
549,Luis Valbuena,2013,3B,3,1710000,802.67,7.0,1.0,4.8999999999999995,0.0,0.0,0.0,0.0
554,Mark Trumbo,2013,OF,3,4800000,1233.3,9.0,-3.0,2.9000000000000004,0.0,0.0,0.0,0.0
557,Matt Wieters,2013,C,4,7700000,1201.0,3.0,-10.0,0.0,0.0,-5.1,44.0,24.0
558,Matt Joyce,2013,OF,4,3700000,803.67,1.0,0.0,0.7,0.0,0.0,0.0,0.0
560,Michael Saunders,2013,OF,3,2300000,997.4000000000001,1.0,-10.0,-3.2,0.0,0.0,0.0,0.0
563,Mike Baxter,2013,RF,2,700000,268.67,1.0,3.0,-2.6,0.0,0.0,0.0,0.0
564,Mike Carp,2013,LF,3,1400000,461.67,2.0,-2.0,-3.8,0.0,0.0,0.0,0.0
566,Mitch Moreland,2013,1B,3,2650000,1176.33,5.0,1.0,5.2,0.0,0.0,0.0,0.0
567,Nate Schierholtz,2013,RF,5,5000000,1041.0,3.0,0.0,-2.9,0.0,0.0,0.0,0.0
570,Neil Walker,2013,2B,3,5750000,1144.0,7.0,0.0,-3.6,0.0,0.0,0.0,0.0
571,Nolan Reimold,2013,OF,4,1024999,90.0,0.0,-4.0,-0.5,0.0,0.0,0.0,0.0
573,Pedro Alvarez,2013,3B,3,4250000,1328.33,27.0,2.0,-3.1,0.0,0.0,0.0,0.0
574,Peter Bourjos,2013,CF,3,1200000,415.0,1.0,0.0,-3.5,0.0,0.0,0.0,0.0
576,Ramiro Pena,2013,3B,3,550000,213.3,0.0,1.0,2.0,0.0,0.0,0.0,0.0
580,Ruben Tejada,2013,SS,2,1100000,499.0,8.0,-3.0,0.0,0.0,0.0,0.0,0.0
582,Sean Rodriguez,2013,2B,4,1475000,463.0,1.0,5.0,3.4,0.0,0.0,0.0,0.0
583,Seth Smith,2013,OF,5,4500000,447.33,0.0,0.0,0.39999999999999997,0.0,0.0,0.0,0.0
587,Steve Pearce,2013,OF,4,700000,143.33,0.0,1.0,1.2,0.0,0.0,0.0,0.0
591,Tony Abreu,2013,2B,3,745000,251.33,3.0,-5.0,-1.1,0.0,0.0,0.0,0.0
593,Travis Snider,2013,OF,3,1200000,527.0,1.0,-1.0,0.5,0.0,0.0,0.0,0.0
594,Trevor Plouffe,2013,3B,2,2350000,1037.3,13.0,-7.0,-2.8,0.0,0.0,0.0,0.0
597,Tyler Flowers,2013,C,2,950000,687.67,4.0,1.0,0.0,0.0,5.0,52.0,16.0
601,Wilson Ramos,2013,C,3,2095000,667.67,8.0,10.0,0.0,0.0,4.4,34.0,14.0
604,A.J. Ellis,2014,C,4,4250000,773.67,4.0,-6.0,0.0,0.0,-14.0,48.0,16.0
609,Alejandro De Aza,2014,OF,5,5000000,1156.33,3.0,1.0,0.5999999999999999,0.0,0.0,0.0,0.0
610,Alex Presley,2014,OF,2,1000000,571.3,0.0,2.0,-1.6,0.0,0.0,0.0,0.0
616,Austin Jackson,2014,CF,5,7700000,1326.0,6.0,-3.0,-6.4,0.0,0.0,0.0,0.0
617,Ben Revere,2014,OF,3,4099999,1199.0,4.0,-14.0,-10.9,0.0,0.0,0.0,0.0
619,Brandon Moss,2014,1B,4,6500000,1109.67,7.0,-2.0,-0.8999999999999999,0.0,0.0,0.0,0.0
621,Brandon Belt,2014,1B,3,3600000,488.67,4.0,3.0,1.7,0.0,0.0,0.0,0.0
622,Brandon Crawford,2014,SS,3,3175000,1273.0,21.0,9.0,-0.9,0.0,0.0,0.0,0.0
623,Brett Lawrie,2014,3B,3,1925000,596.0,4.0,6.0,2.7,0.0,0.0,0.0,0.0
629,Carlos Corporan,2014,C,3,975000,431.67,3.0,1.0,0.0,0.0,3.8,25.0,7.0
631,Casey McGehee,2014,3B,5,4800000,1409.67,7.0,-7.0,0.9,0.0,0.0,0.0,0.0
635,Chris Carter,2014,1B,2,4175000,175.4,3.0,-1.0,-1.9,0.0,0.0,0.0,0.0
636,Chris Coghlan,2014,OF,4,2505000,828.4000000000001,4.0,-11.0,-1.8,0.0,0.0,0.0,0.0
637,Chris Davis,2014,1B,5,12000000,1091.3,8.0,3.0,2.7,0.0,0.0,0.0,0.0
639,Chris Stewart,2014,C,4,1225000,351.0,3.0,3.0,0.0,0.0,5.9,30.0,9.0
640,Chris Heisey,2014,OF,4,2160000,543.3000000000001,0.0,8.0,5.9,0.0,0.0,0.0,0.0
641,Cliff Pennington,2014,SS,5,3275000,387.29999999999995,2.0,1.0,3.4,0.0,0.0,0.0,0.0
642,Collin Cowgill,2014,OF,2,995000,682.33,3.0,4.0,2.7,0.0,0.0,0.0,0.0
643,Craig Gentry,2014,OF,4,1600000,559.3,1.0,9.0,3.5,0.0,0.0,0.0,0.0
646,Daniel Murphy,2014,2B,5,8000000,1282.1999999999998,15.0,-9.0,-6.0,0.0,0.0,0.0,0.0
647,Daniel Nava,2014,OF,3,1850000,837.67,4.0,19.0,10.3,0.0,0.0,0.0,0.0
648,Danny Valencia,2014,3B,3,1675000,587.33,5.0,0.0,4.2,0.0,0.0,0.0,0.0
649,Danny Espinosa,2014,2B,3,1800000,793.33,5.0,0.0,2.3,0.0,0.0,0.0,0.0
651,Darwin Barney,2014,2B,4,2525000,576.0,4.0,7.0,5.0,0.0,0.0,0.0,0.0
652,David Freese,2014,3B,5,6425000,959.33,8.0,-7.0,5.1,0.0,0.0,0.0,0.0
657,Dayan Viciedo,2014,LF,3,4400000,1052.67,8.0,-15.0,-12.0,0.0,0.0,0.0,0.0
658,Dee Strange-Gordon,2014,2B,2,2500000,1240.33,12.0,3.0,-1.0,0.0,0.0,0.0,0.0
659,Desmond Jennings,2014,OF,3,3100000,1033.33,0.0,3.0,1.4,0.0,0.0,0.0,0.0
660,Dexter Fowler,2014,CF,5,9500000,959.0,5.0,-20.0,-15.6,0.0,0.0,0.0,0.0
662,Domonic Brown,2014,OF,3,2600000,1041.33,2.0,-7.0,-5.0,0.0,0.0,0.0,0.0
664,Drew Butera,2014,C,4,987000,449.3,1.0,4.0,0.0,0.0,3.9,23.0,11.0
667,Drew Stubbs,2014,CF,5,5825000,835.0,7.0,-3.0,-0.2,0.0,0.0,0.0,0.0
668,Dustin Ackley,2014,LF,3,2600000,1130.0,2.0,7.0,0.8,0.0,0.0,0.0,0.0
669,Eduardo Nunez,2014,3B,3,1024999,383.33,7.0,-4.0,-2.3,0.0,0.0,0.0,0.0
670,Eric Sogard,2014,2B,3,1075000,829.33,10.0,4.0,-2.1,0.0,0.0,0.0,0.0
676,Francisco Cervelli,2014,C,4,988000,388.0,1.0,2.0,0.1,0.0,6.5,18.0,6.0
678,Gerardo Parra,2014,OF,5,6237000,1161.0,7.0,-3.0,6.199999999999999,0.0,0.0,0.0,0.0
680,Hank Conger,2014,C,3,1075000,637.33,7.0,18.0,0.0,0.0,21.3,57.0,18.0
682,Hector Sanchez,2014,C,2,800000,325.67,3.0,1.0,-0.2,0.0,2.5,31.0,14.0
686,Ike Davis,2014,1B,4,3800000,861.0,9.0,-1.0,-1.2,0.0,0.0,0.0,0.0
688,J.D. Martinez,2014,RF,3,3000000,931.67,4.0,1.0,-3.1,0.0,0.0,0.0,0.0
694,Jarrod Dyson,2014,CF,3,1225000,691.33,4.0,11.0,12.299999999999999,0.0,0.0,0.0,0.0
695,Jason Castro,2014,C,4,4000000,971.0,4.0,1.0,0.0,0.0,5.8,81.0,23.0
704,John Jaso,2014,C,5,3175000,391.0,1.0,-6.0,0.0,0.0,-10.9,32.0,4.0
706,Jordan Schafer,2014,CF,4,1550000,500.4,2.0,-6.0,-1.9,0.0,0.0,0.0,0.0
707,Jose Lobaton,2014,C,3,1200000,538.67,2.0,7.0,0.0,0.0,1.6,27.0,13.0
708,Josh Reddick,2014,RF,4,4099999,882.33,5.0,10.0,1.2000000000000002,0.0,0.0,0.0,0.0
709,Josh Donaldson,2014,3B,2,4300000,1320.67,23.0,15.0,7.9,0.0,0.0,0.0,0.0
711,Josh Harrison,2014,2B,3,2800000,1025.6,6.0,16.0,1.5000000000000002,0.0,0.0,0.0,0.0
714,Justin Ruggiano,2014,OF,4,2505000,461.67,1.0,-10.0,-4.6,0.0,0.0,0.0,0.0
715,Justin Turner,2014,3B,4,2500000,619.67,12.0,4.0,-2.1,0.0,0.0,0.0,0.0
718,Kevin Frandsen,2014,2B,5,1000000,404.3,3.0,-2.0,-3.0,0.0,0.0,0.0,0.0
719,Logan Morrison,2014,1B,4,2725000,731.3000000000001,3.0,2.0,-0.19999999999999973,0.0,0.0,0.0,0.0
720,Logan Forsythe,2014,2B,3,1100000,602.0,2.0,7.0,-0.7999999999999999,0.0,0.0,0.0,0.0
721,Lonnie Chisenhall,2014,RF,3,2250000,1030.3,18.0,-12.0,-12.299999999999999,0.0,0.0,0.0,0.0
722,Lorenzo Cain,2014,CF,3,2725000,1111.67,2.0,18.0,15.1,0.0,0.0,0.0,0.0
724,Lucas Duda,2014,1B,3,4200000,1228.0,7.0,5.0,-1.2,0.0,0.0,0.0,0.0
725,Luis Valbuena,2014,3B,4,4200000,1121.33,9.0,-4.0,-0.39999999999999997,0.0,0.0,0.0,0.0
728,Mark Trumbo,2014,OF,4,6900000,735.67,3.0,-7.0,-2.2,0.0,0.0,0.0,0.0
730,Marwin Gonzalez,2014,1B,2,1062000,707.4000000000001,8.0,-3.0,-3.7,0.0,0.0,0.0,0.0
732,Matt Wieters,2014,C,5,8300000,194.67,1.0,-4.0,0.0,0.0,-1.8,11.0,1.0
733,Matt Joyce,2014,OF,5,4750000,729.0,3.0,2.0,-1.7,0.0,0.0,0.0,0.0
734,Michael Saunders,2014,OF,4,2875000,556.67,0.0,6.0,2.9,0.0,0.0,0.0,0.0
735,Michael McKenry,2014,C,3,1088000,406.0,6.0,-3.0,0.0,0.0,-6.4,34.0,8.0
740,Mike Moustakas,2014,3B,3,2640000,1148.67,19.0,-5.0,1.6,0.0,0.0,0.0,0.0
741,Mitch Moreland,2014,1B,4,2950000,210.67,3.0,-1.0,0.6,0.0,0.0,0.0,0.0
745,Neil Walker,2014,2B,4,8000000,1175.67,5.0,-2.0,-2.8,0.0,0.0,0.0,0.0
747,Pedro Alvarez,2014,1B,4,5750000,860.33,25.0,-18.0,-11.5,0.0,0.0,0.0,0.0
748,Peter Bourjos,2014,CF,4,1650000,649.33,2.0,7.0,4.7,0.0,0.0,0.0,0.0
749,Rene Rivera,2014,C,3,1200000,743.33,9.0,15.0,-0.4,0.0,20.1,58.0,33.0
753,Ruben Tejada,2014,SS,3,1880000,939.33,8.0,7.0,4.7,0.0,0.0,0.0,0.0
755,Ryan Flaherty,2014,2B,3,1075000,734.6,10.0,2.0,-0.8,0.0,0.0,0.0,0.0
756,Sam Fuld,2014,OF,4,1750000,863.67,2.0,4.0,5.3,0.0,0.0,0.0,0.0
757,Sean Rodriguez,2014,2B,5,1900000,435.4,3.0,-5.0,-1.0999999999999999,0.0,0.0,0.0,0.0
761,Steve Pearce,2014,OF,5,3700000,686.67,1.0,17.0,7.7,0.0,0.0,0.0,0.0
767,Tony Cruz,2014,C,3,775000,332.0,1.0,-8.0,0.4,0.0,-6.8,18.0,6.0
770,Travis Ishikawa,2014,1B,4,1100000,236.0,1.0,2.0,2.4,0.0,0.0,0.0,0.0
771,Travis Snider,2014,OF,4,2100000,613.67,1.0,3.0,-2.1,0.0,0.0,0.0,0.0
772,Trevor Plouffe,2014,3B,3,4800000,1110.67,14.0,8.0,5.1,0.0,0.0,0.0,0.0
774,Tyler Flowers,2014,C,3,2675000,1052.0,8.0,10.0,0.0,0.0,9.1,62.0,26.0
778,Welington Castillo,2014,C,3,2100000,916.33,6.0,-9.0,0.0,0.0,-18.1,57.0,28.0
779,Wilin Rosario,2014,C,3,2800000,849.0,7.0,-16.0,-0.5,0.0,-4.2,37.0,7.0
780,Wilson Ramos,2014,C,4,3550000,775.0,5.0,3.0,0.0,0.0,-5.8,30.0,18.0
781,Yonder Alonso,2014,1B,3,1650000,631.3000000000001,2.0,9.0,2.1,0.0,0.0,0.0,0.0
784,Zack Cozart,2014,SS,3,2350000,1274.33,10.0,16.0,13.0,0.0,0.0,0.0,0.0
785,A.J. Ellis,2015,C,5,4500000,492.0,0.0,-5.0,0.0,0.0,-8.5,22.0,18.0
790,Adeiny Hechavarria,2015,SS,3,2625000,1120.33,9.0,12.0,10.6,0.0,0.0,0.0,0.0
792,Andres Blanco,2015,2B,5,1450000,464.29999999999995,6.0,-7.0,-3.5,0.0,0.0,0.0,0.0
794,Andrew Romine,2015,3B,3,900000,502.4,7.0,3.0,4.6,0.0,0.0,0.0,0.0
795,Anthony Rendon,2015,3B,2,2800000,692.67,4.0,-1.0,3.0999999999999996,0.0,0.0,0.0,0.0
798,Avisail Garcia,2015,RF,2,2100000,1124.0,3.0,-5.0,-0.4,0.0,0.0,0.0,0.0
799,Ben Revere,2015,OF,4,6250000,1241.33,0.0,1.0,-0.19999999999999996,0.0,0.0,0.0,0.0
801,Brandon Barnes,2015,OF,3,1000000,637.3,2.0,-6.0,-1.5,0.0,0.0,0.0,0.0
802,Brandon Moss,2015,1B,5,8250000,1054.4,4.0,-2.0,-1.2000000000000002,0.0,0.0,0.0,0.0
803,Brandon Belt,2015,1B,4,6200000,1146.33,5.0,9.0,7.0,0.0,0.0,0.0,0.0
804,Brandon Guyer,2015,OF,3,1185000,724.33,1.0,3.0,0.0,0.0,0.0,0.0,0.0
806,Brett Wallace,2015,1B,3,1000000,113.0,1.0,0.0,-1.7999999999999998,0.0,0.0,0.0,0.0
807,Brett Lawrie,2015,3B,4,4125000,1291.67,24.0,-11.0,-11.2,0.0,0.0,0.0,0.0
815,Charlie Blackmon,2015,CF,3,3500000,1303.67,3.0,-12.0,-5.1000000000000005,0.0,0.0,0.0,0.0
817,Chris Coghlan,2015,OF,5,4800000,999.4000000000001,1.0,1.0,7.8,0.0,0.0,0.0,0.0
820,Chris Gimenez,2015,C,3,975000,279.0,3.0,-4.0,0.0,0.0,-1.7,18.0,2.0
823,Collin Cowgill,2015,OF,3,1000000,200.0,0.0,5.0,4.8,0.0,0.0,0.0,0.0
827,Danny Valencia,2015,3B,4,3150000,747.4,4.0,-7.0,3.8,0.0,0.0,0.0,0.0
828,Danny Espinosa,2015,SS,4,2875000,872.4000000000001,3.0,4.0,4.0,0.0,0.0,0.0,0.0
831,Derek Norris,2015,C,3,2925000,1148.67,9.0,3.0,-1.8,0.0,13.1,84.0,44.0
832,Desmond Jennings,2015,OF,4,3300000,225.0,0.0,2.0,1.9,0.0,0.0,0.0,0.0
833,Didi Gregorius,2015,SS,2,2425000,1330.0,13.0,3.0,7.5,0.0,0.0,0.0,0.0
838,Drew Butera,2015,C,5,1163000,306.67,4.0,-1.0,0.4,0.0,-3.5,15.0,9.0
839,Dustin Ackley,2015,LF,4,3200000,617.33,1.0,-13.0,-3.0,0.0,0.0,0.0,0.0
840,Eduardo Nunez,2015,3B,4,1450000,330.33,3.0,1.0,2.4000000000000004,0.0,0.0,0.0,0.0
841,Eduardo Escobar,2015,3B,3,2150000,952.3,6.0,-3.0,3.4,0.0,0.0,0.0,0.0
843,Eric Sogard,2015,2B,4,1500000,902.67,6.0,7.0,1.9,0.0,0.0,0.0,0.0
844,Evan Gattis,2015,DH,3,3400000,71.0,1.0,-3.0,-1.6,0.0,0.0,0.0,0.0
849,Francisco Cervelli,2015,C,5,3500000,1099.67,7.0,10.0,0.0,0.0,21.3,101.0,29.0
850,Freddy Galvis,2015,SS,3,2000000,1291.4,17.0,-13.0,1.8,0.0,0.0,0.0,0.0
853,Hank Conger,2015,C,4,1500000,516.67,4.0,-7.0,0.0,0.0,2.8,42.0,1.0
863,Jarrod Dyson,2015,CF,4,1725000,560.67,2.0,10.0,3.8,0.0,0.0,0.0,0.0
864,Jason Castro,2015,C,5,5000000,883.33,1.0,13.0,0.0,0.0,9.1,42.0,24.0
865,Jean Segura,2015,SS,3,2600000,1232.33,19.0,1.0,-2.1,0.0,0.0,0.0,0.0
876,Jordy Mercer,2015,SS,3,2075000,986.33,7.0,1.0,1.6,0.0,0.0,0.0,0.0
878,Jose Lobaton,2015,C,4,1387000,347.33,2.0,-1.0,0.0,0.0,3.1,23.0,8.0
879,Jose Iglesias,2015,SS,3,2100000,1019.33,11.0,-5.0,2.1,0.0,0.0,0.0,0.0
881,Josh Reddick,2015,RF,5,6575000,1184.33,5.0,-1.0,-1.9,0.0,0.0,0.0,0.0
885,Jurickson Profar,2015,2B,2,605000,,,,,,,,
886,Justin Smoak,2015,1B,5,3900000,687.0,4.0,1.0,2.0,0.0,0.0,0.0,0.0
888,Justin Turner,2015,3B,5,5100000,866.3,11.0,3.0,1.7,0.0,0.0,0.0,0.0
892,Kole Calhoun,2015,RF,2,3400000,1384.67,4.0,6.0,9.4,0.0,0.0,0.0,0.0
893,Leonys Martin,2015,CF,3,4150000,673.33,1.0,13.0,10.2,0.0,0.0,0.0,0.0
894,Logan Morrison,2015,1B,5,4200000,1125.67,4.0,-7.0,-0.39999999999999997,0.0,0.0,0.0,0.0
895,Lonnie Chisenhall,2015,RF,3,2725000,759.3,6.0,14.0,8.3,0.0,0.0,0.0,0.0
897,Lucas Duda,2015,1B,4,6725000,1127.67,3.0,3.0,1.8,0.0,0.0,0.0,0.0
898,Luis Valbuena,2015,3B,5,6125000,1053.0,7.0,3.0,-3.2,0.0,0.0,0.0,0.0
900,Manny Machado,2015,3B,3,5000000,1420.67,21.0,16.0,5.800000000000001,0.0,0.0,0.0,0.0
902,Mark Trumbo,2015,OF,5,9150000,821.3000000000001,5.0,-2.0,-1.9,0.0,0.0,0.0,0.0
904,Marwin Gonzalez,2015,1B,3,2000000,797.4,8.0,10.0,-0.19999999999999996,0.0,0.0,0.0,0.0
906,Matt Adams,2015,1B,3,1650000,352.0,3.0,2.0,1.2,0.0,0.0,0.0,0.0
908,Michael Saunders,2015,OF,5,2900000,75.33,0.0,0.0,2.2,0.0,0.0,0.0,0.0
911,Mitch Moreland,2015,1B,5,5700000,982.33,4.0,2.0,2.6,0.0,0.0,0.0,0.0
913,Neil Walker,2015,2B,5,10550000,1224.67,7.0,-4.0,-3.7,0.0,0.0,0.0,0.0
914,Nolan Reimold,2015,OF,5,1300000,366.0,2.0,-4.0,-0.8,0.0,0.0,0.0,0.0
915,Nolan Arenado,2015,3B,2,5000000,1362.0,17.0,22.0,4.1,0.0,0.0,0.0,0.0
918,Peter Bourjos,2015,CF,5,2000000,476.67,1.0,-4.0,-1.6,0.0,0.0,0.0,0.0
920,Rene Rivera,2015,C,4,1700000,810.67,11.0,-6.0,-0.2,0.0,4.3,40.0,23.0
923,Robinson Chirinos,2015,C,3,1550000,645.0,6.0,-1.0,0.0,0.0,-6.9,29.0,12.0
925,Ruben Tejada,2015,SS,4,3000000,872.33,7.0,-16.0,-3.0,0.0,0.0,0.0,0.0
926,Ryan Flaherty,2015,2B,4,1500000,704.33,2.0,1.0,1.4,0.0,0.0,0.0,0.0
927,Sam Fuld,2015,OF,5,1925000,704.5,4.0,8.0,6.5,0.0,0.0,0.0,0.0
928,Scott Van Slyke,2015,OF,2,1225000,519.5,3.0,9.0,4.7,0.0,0.0,0.0,0.0
940,Tony Cruz,2015,C,4,975000,293.0,0.0,-4.0,0.1,0.0,-2.3,17.0,3.0
943,Trevor Plouffe,2015,3B,4,7250000,1335.0,12.0,3.0,4.5,0.0,0.0,0.0,0.0
944,Tyler Moore,2015,1B,3,900000,355.4,0.0,-5.0,-2.8,0.0,0.0,0.0,0.0
947,Welington Castillo,2015,C,4,3700000,736.67,7.0,-8.0,0.0,0.0,-6.5,33.0,11.0
949,Wilson Ramos,2015,C,5,5350000,1078.33,6.0,10.0,0.0,0.0,-7.6,30.0,24.0
951,Yasmani Grandal,2015,C,3,2800000,911.33,3.0,5.0,0.0,0.0,27.4,56.0,23.0
952,Yonder Alonso,2015,1B,4,2650000,840.33,3.0,10.0,2.2,0.0,0.0,0.0,0.0
956,Zack Cozart,2015,SS,4,2925000,449.67,3.0,4.0,1.0,0.0,0.0,0.0,0.0
959,Aaron Hicks,2016,CF,3,1350000,845.67,1.0,5.0,5.0,0.0,0.0,0.0,0.0
963,Adeiny Hechavarria,2016,SS,4,4350000,1222.0,13.0,7.0,6.6,8.0,0.0,0.0,0.0
967,Andrew Romine,2016,3B,4,1300000,490.5,2.0,2.0,4.4,2.0,0.0,0.0,0.0
968,Anthony Recker,2016,C,4,800000,229.67,1.0,-7.0,0.0,0.0,-6.8,29.0,8.0
969,Anthony Rendon,2016,3B,3,5800000,1345.0,9.0,13.0,8.0,0.0,0.0,0.0,0.0
971,Austin Romine,2016,C,3,805000,381.33,1.0,-1.0,0.1,0.0,-3.4,20.0,4.0
972,Avisail Garcia,2016,RF,3,3000000,460.67,2.0,3.0,3.6,0.0,0.0,0.0,0.0
973,Billy Hamilton,2016,CF,3,2625000,942.33,3.0,18.0,11.9,19.0,0.0,0.0,0.0
977,Brad Miller,2016,SS,3,3575000,1163.0,19.0,-24.0,-8.5,-17.0,0.0,0.0,0.0
982,Brett Lawrie,2016,3B,5,3500000,817.67,9.0,-4.0,-4.7,-4.0,0.0,0.0,0.0
983,Brock Holt,2016,2B,3,1950000,680.33,4.0,9.0,-1.7999999999999998,1.0,0.0,0.0,0.0
986,Bryce Harper,2016,RF,4,13625000,1245.67,2.0,-3.0,4.7,-4.0,0.0,0.0,0.0
987,Caleb Joseph,2016,C,2,700000,357.33,2.0,3.0,0.0,0.0,3.8,22.0,10.0
990,Cesar Hernandez,2016,2B,2,2550000,1266.3,12.0,2.0,9.4,4.0,0.0,0.0,0.0
991,Charlie Blackmon,2016,CF,4,7300000,1183.0,3.0,-1.0,-3.9,0.0,0.0,0.0,0.0
993,Chris Owings,2016,SS,3,2300000,990.67,8.0,-6.0,-2.8,-7.0,0.0,0.0,0.0
994,Chris Herrmann,2016,C,3,938000,323.3,2.0,0.0,0.4,-1.0,-4.6,11.0,7.0
1000,Conor Gillaspie,2016,3B,4,1400000,336.67,2.0,5.0,2.9000000000000004,-1.0,0.0,0.0,0.0
1001,Corey Dickerson,2016,LF,3,3025000,612.67,2.0,3.0,1.9,-5.0,0.0,0.0,0.0
1007,Danny Espinosa,2016,2B,5,5425000,1358.0,18.0,11.0,-1.4,-2.0,0.0,0.0,0.0
1008,Danny Valencia,2016,3B,5,5550000,1019.3000000000001,14.0,-16.0,-9.9,-8.0,0.0,0.0,0.0
1010,Darwin Barney,2016,2B,5,2888000,725.33,8.0,8.0,3.9,6.0,0.0,0.0,0.0
1013,Derek Dietrich,2016,3B,2,1700000,783.33,4.0,0.0,2.5,0.0,0.0,0.0,0.0
1014,Derek Norris,2016,C,4,4200000,989.0,9.0,14.0,0.2,0.0,10.6,76.0,20.0
1015,Didi Gregorius,2016,SS,3,5100000,1309.33,15.0,-8.0,-2.1,-6.0,0.0,0.0,0.0
1019,Eduardo Escobar,2016,3B,4,2600000,790.67,10.0,-6.0,-0.5000000000000002,3.0,0.0,0.0,0.0
1020,Eduardo Nunez,2016,3B,5,4200000,1134.33,13.0,-16.0,2.2,-3.0,0.0,0.0,0.0
1021,Ehire Adrianza,2016,SS,2,600000,111.33,2.0,-1.0,0.4,-3.0,0.0,0.0,0.0
1023,Eric Hosmer,2016,1B,5,12250000,1351.0,6.0,-2.0,-4.9,-7.0,0.0,0.0,0.0
1025,Ezequiel Carrera,2016,OF,3,1163000,643.33,1.0,9.0,2.9,1.0,0.0,0.0,0.0
1027,Freddy Galvis,2016,SS,4,4350000,1350.0,8.0,4.0,14.9,7.0,0.0,0.0,0.0
1030,George Springer,2016,CF,2,3900000,1316.0,2.0,6.0,8.2,-1.0,0.0,0.0,0.0
1035,Jackie Bradley Jr.,2016,CF,2,3600000,1375.67,3.0,14.0,8.2,9.0,0.0,0.0,0.0
1040,Jake Marisnick,2016,CF,2,1100000,789.67,1.0,18.0,9.1,13.0,0.0,0.0,0.0
1045,Jarrod Dyson,2016,CF,5,2800000,758.67,2.0,16.0,12.9,6.0,0.0,0.0,0.0
1046,Jean Segura,2016,SS,4,6200000,1316.33,10.0,9.0,-2.4000000000000004,8.0,0.0,0.0,0.0
1049,Jesus Sucre,2016,C,2,630000,68.0,0.0,-1.0,0.0,0.0,0.2,6.0,0.0
1052,Jonathan Schoop,2016,2B,3,3475000,1429.0,8.0,9.0,-1.1,10.0,0.0,0.0,0.0
1054,Jordy Mercer,2016,SS,4,4325000,1245.33,9.0,-6.0,-5.5,7.0,0.0,0.0,0.0
1055,Jose Lobaton,2016,C,5,1575000,277.67,1.0,2.0,0.0,0.0,4.2,18.0,7.0
1056,Jose Abreu,2016,1B,3,10825000,1355.67,10.0,-1.0,-3.8,-4.0,0.0,0.0,0.0
1057,Jose Iglesias,2016,SS,4,4099999,1163.0,5.0,10.0,12.1,7.0,0.0,0.0,0.0
1062,Jurickson Profar,2016,2B,3,1004999,560.67,7.0,5.0,3.4,4.0,0.0,0.0,0.0
1068,Kevin Kiermaier,2016,CF,2,2975000,872.33,2.0,25.0,15.2,12.0,0.0,0.0,0.0
1069,Khris Davis,2016,LF,3,5000000,796.33,5.0,-1.0,-0.6,3.0,0.0,0.0,0.0
1070,Kirk Nieuwenhuis,2016,OF,3,900000,813.33,3.0,2.0,-0.6000000000000001,1.0,0.0,0.0,0.0
1072,Leonys Martin,2016,CF,4,4850000,1275.0,3.0,-3.0,4.2,12.0,0.0,0.0,0.0
1074,Lonnie Chisenhall,2016,RF,4,4300000,904.0,3.0,3.0,-0.8999999999999999,-2.0,0.0,0.0,0.0
1075,Lucas Duda,2016,1B,5,7250000,354.0,3.0,-1.0,0.0,1.0,0.0,0.0,0.0
1077,Manny Machado,2016,3B,4,11500000,1378.0,13.0,20.0,8.6,7.0,0.0,0.0,0.0
1078,Marcell Ozuna,2016,LF,3,3500000,1234.3,5.0,-10.0,-1.9,-2.0,0.0,0.0,0.0
1080,Martin Maldonado,2016,C,4,1725000,559.0,7.0,7.0,0.0,0.0,6.5,30.0,20.0
1081,Marwin Gonzalez,2016,1B,4,3725000,1090.3999999999999,8.0,4.0,0.9999999999999998,7.0,0.0,0.0,0.0
1084,Matt Adams,2016,1B,4,2800000,601.67,7.0,-1.0,-1.5,3.0,0.0,0.0,0.0
1089,Nick Castellanos,2016,3B,3,3000000,898.0,9.0,-4.0,-2.2,-1.0,0.0,0.0,0.0
1091,Nori Aoki,2016,OF,4,5500000,891.67,1.0,-2.0,-1.8,-3.0,0.0,0.0,0.0
1096,Rene Rivera,2016,C,5,1750000,482.67,2.0,8.0,0.1,0.0,7.2,43.0,18.0
1098,Robinson Chirinos,2016,C,4,1950000,399.0,1.0,-2.0,0.0,0.0,-7.8,22.0,8.0
1099,Ryan Flaherty,2016,2B,5,1800000,420.0,3.0,5.0,1.1,1.0,0.0,0.0,0.0
1102,Sandy Leon,2016,C,2,1300000,600.33,1.0,0.0,0.0,0.0,-2.9,20.0,14.0
1103,Scooter Gennett,2016,2B,3,2525000,1062.0,14.0,-8.0,-8.5,-4.0,0.0,0.0,0.0
1104,Scott Van Slyke,2016,OF,3,1325000,207.33,2.0,1.0,-0.7999999999999999,1.0,0.0,0.0,0.0
1107,Stephen Vogt,2016,C,3,2965000,923.33,7.0,-10.0,0.0,0.0,-14.3,51.0,20.0
1112,Tim Beckham,2016,SS,2,885000,438.33,4.0,-3.0,2.9000000000000004,-3.0,0.0,0.0,0.0
1113,Todd Frazier,2016,3B,5,12000000,1381.33,12.0,0.0,-2.0,3.0,0.0,0.0,0.0
1118,Travis d'Arnaud,2016,C,3,1875000,615.67,1.0,-3.0,0.0,0.0,8.4,61.0,17.0
1121,Tuffy Gosewisch,2016,C,2,635000,234.0,1.0,-3.0,0.0,0.0,-2.8,12.0,4.0
1127,Wilmer Flores,2016,3B,3,2200000,700.5,10.0,-9.0,-1.5999999999999999,-4.0,0.0,0.0,0.0
1129,Xander Bogaerts,2016,SS,3,4500000,1378.67,12.0,-10.0,-2.4,-12.0,0.0,0.0,0.0
1131,Yasmani Grandal,2016,C,4,5500000,973.33,5.0,17.0,0.2,0.0,28.8,59.0,24.0
1132,Yonder Alonso,2016,1B,5,4000000,1174.33,5.0,-4.0,0.8,1.0,0.0,0.0,0.0
1136,Zack Cozart,2016,SS,5,5325000,966.67,10.0,9.0,4.9,-9.0,0.0,0.0,0.0
1139,A.J. Pollock,2017,CF,5,7750000,873.33,1.0,6.0,1.3,1.0,0.0,0.0,0.0
1140,Jake Lamb,2017,3B,3,4275000,1264.0,14.0,-8.0,-7.5,-5.0,0.0,0.0,0.0
1144,Chris Owings,2017,SS,4,3400000,773.5999999999999,14.0,-1.0,-5.4,-5.0,0.0,0.0,0.0
1145,David Peralta,2017,RF,3,3300000,1068.67,4.0,4.0,1.4000000000000001,0.0,0.0,0.0,0.0
1148,Chris Herrmann,2017,C,4,1300000,492.67,2.0,-7.0,-3.4,-1.0,-3.7,25.0,10.0
1149,Nick Ahmed,2017,SS,3,1275000,381.67,5.0,6.0,-0.1,7.0,0.0,0.0,0.0
1152,Matt Adams,2017,1B,5,4000000,644.33,7.0,-6.0,-0.30000000000000004,-7.0,0.0,0.0,0.0
1157,Manny Machado,2017,3B,5,16000000,1370.0,14.0,9.0,2.3,-5.0,0.0,0.0,0.0
1159,Jonathan Schoop,2017,2B,4,8500000,1404.0,15.0,14.0,-3.1,5.0,0.0,0.0,0.0
1162,Tim Beckham,2017,2B,3,3350000,1189.33,20.0,-9.0,2.1,-2.0,0.0,0.0,0.0
1163,Caleb Joseph,2017,C,3,1250000,630.67,3.0,10.0,-0.8,-1.0,6.6,45.0,10.0
1164,Mookie Betts,2017,RF,3,10500000,1389.33,5.0,30.0,21.5,15.0,0.0,0.0,0.0
1166,Xander Bogaerts,2017,SS,4,7050000,1310.33,17.0,-11.0,-0.7,1.0,0.0,0.0,0.0
1167,Jackie Bradley Jr.,2017,RF,3,6100000,1204.33,4.0,14.0,3.7,12.0,0.0,0.0,0.0
1170,Sandy Leon,2017,C,3,1950000,699.33,6.0,15.0,0.0,0.0,2.3,31.0,18.0
1171,Brock Holt,2017,3B,4,2225000,356.33,4.0,3.0,-2.1,-1.0,0.0,0.0,0.0
1172,Christian Vazquez,2017,C,3,1425000,773.0,8.0,10.0,0.0,0.0,10.0,29.0,21.0
1176,Kris Bryant,2017,3B,2,10850000,1287.67,18.0,-2.0,-0.6,2.0,0.0,0.0,0.0
1179,Addison Russell,2017,SS,2,3200000,808.33,12.0,10.0,4.8,13.0,0.0,0.0,0.0
1181,Tommy La Stella,2017,2B,3,950000,225.29999999999998,1.0,-7.0,-2.7,-4.0,0.0,0.0,0.0
1182,Jose Abreu,2017,1B,4,13000000,1197.0,8.0,1.0,1.2,2.0,0.0,0.0,0.0
1184,Avisail Garcia,2017,RF,4,6700000,1120.0,9.0,-1.0,1.2,1.0,0.0,0.0,0.0
1186,Yolmer Sanchez,2017,2B,2,2350000,1046.33,9.0,13.0,7.4,5.0,0.0,0.0,0.0
1187,Leury Garcia,2017,C,3,1175000,670.3,4.0,-1.0,2.4,-2.0,0.0,0.0,0.0
1189,Scooter Gennett,2017,2B,4,5700000,937.67,9.0,-12.0,-7.1,-5.0,0.0,0.0,0.0
1190,Billy Hamilton,2017,CF,4,4600000,1175.33,3.0,13.0,8.7,11.0,0.0,0.0,0.0
1191,Eugenio Suarez,2017,3B,3,3750000,1305.33,9.0,4.0,4.7,3.0,0.0,0.0,0.0
1196,Lonnie Chisenhall,2017,RF,5,5587500,548.3,0.0,-2.0,-2.9000000000000004,0.0,0.0,0.0,0.0
1199,Charlie Blackmon,2017,CF,5,14000000,1366.33,4.0,-8.0,-0.9,-5.0,0.0,0.0,0.0
1200,DJ LeMahieu,2017,2B,5,8500000,1302.0,8.0,14.0,4.4,15.0,0.0,0.0,0.0
1203,Nick Castellanos,2017,3B,4,6050000,1271.33,19.0,-28.0,-15.3,-11.0,0.0,0.0,0.0
1204,Jose Iglesias,2017,SS,5,6275000,1116.33,7.0,-5.0,8.7,4.0,0.0,0.0,0.0
1206,James McCann,2017,C,3,2375000,836.33,2.0,-7.0,0.0,0.0,-8.1,57.0,24.0
1210,George Springer,2017,CF,3,12000000,1120.67,1.0,1.0,-2.5,-1.0,0.0,0.0,0.0
1212,Evan Gattis,2017,DH,5,6700000,414.67,9.0,1.0,0.0,0.0,4.5,35.0,4.0
1216,Jake Marisnick,2017,CF,3,1900000,636.33,2.0,3.0,-4.0,5.0,0.0,0.0,0.0
1223,Martin Maldonado,2017,C,5,3900000,1147.33,2.0,22.0,-0.4,-1.0,21.6,46.0,29.0
1225,C.J. Cron,2017,1B,3,2300000,815.67,4.0,6.0,-0.1,5.0,0.0,0.0,0.0
1232,Yasmani Grandal,2017,C,5,7900000,999.33,6.0,18.0,0.0,0.0,15.9,44.0,21.0
1236,Enrique Hernandez,2017,2B,3,1600000,681.5,6.0,5.0,2.8999999999999995,-1.0,0.0,0.0,0.0
1237,Joc Pederson,2017,CF,3,2600000,676.67,1.0,-13.0,-5.9,-7.0,0.0,0.0,0.0
1241,J.T. Realmuto,2017,C,3,2900000,1167.3,6.0,2.0,1.0,0.0,6.4,53.0,25.0
1242,Justin Bour,2017,1B,3,3400000,862.33,1.0,-2.0,2.5,1.0,0.0,0.0,0.0
1243,Derek Dietrich,2017,2B,3,2900000,948.67,9.0,-10.0,-3.7,-8.0,0.0,0.0,0.0
1244,Miguel Rojas,2017,SS,3,1180000,677.3000000000001,10.0,5.0,1.9,0.0,0.0,0.0,0.0
1248,Jonathan Villar,2017,2B,3,2550000,807.67,16.0,0.0,-6.6,1.0,0.0,0.0,0.0
1249,Hernan Perez,2017,3B,3,1975000,934.8,8.0,7.0,3.3,3.0,0.0,0.0,0.0
1252,Eduardo Escobar,2017,SS,5,4850000,853.0,6.0,-8.0,-0.7,-1.0,0.0,0.0,0.0
1253,Robbie Grossman,2017,LF,3,2000000,357.0,4.0,-1.0,-3.4,-1.0,0.0,0.0,0.0
1255,Ehire Adrianza,2017,2B,3,1000000,409.4,3.0,-1.0,2.9,1.0,0.0,0.0,0.0
1261,Travis d'Arnaud,2017,C,4,3475000,779.4,4.0,-2.0,0.0,0.0,4.9,55.0,11.0
1262,Wilmer Flores,2017,2B,4,3400000,694.3,9.0,-9.0,-2.4000000000000004,-6.0,0.0,0.0,0.0
1266,Didi Gregorius,2017,SS,4,8250000,1174.67,9.0,8.0,7.0,-7.0,0.0,0.0,0.0
1270,Aaron Hicks,2017,OF,4,2825000,689.67,2.0,15.0,6.9,2.0,0.0,0.0,0.0
1273,Austin Romine,2017,C,4,1100000,570.4000000000001,1.0,-2.0,1.3,0.0,1.6,26.0,3.0
1274,Khris Davis,2017,LF,4,10500000,993.0,1.0,-12.0,-10.2,2.0,0.0,0.0,0.0
1275,Marcus Semien,2017,SS,3,3125000,747.0,9.0,-2.0,-3.5,-6.0,0.0,0.0,0.0
1282,Cesar Hernandez,2017,2B,3,5100000,1100.33,11.0,-2.0,3.4,-3.0,0.0,0.0,0.0
1283,Maikel Franco,2017,3B,2,2950000,1268.0,15.0,0.0,-4.2,-1.0,0.0,0.0,0.0
1284,Cameron Rupp,2017,C,3,2050000,749.33,8.0,-9.0,0.0,0.0,-12.7,45.0,18.0
1287,Jordy Mercer,2017,SS,5,6750000,1241.67,10.0,-12.0,-0.3,3.0,0.0,0.0,0.0
1289,Freddy Galvis,2017,SS,5,6825000,1369.3,7.0,5.0,3.5,5.0,0.0,0.0,0.0
1291,Cory Spangenberg,2017,3B,3,1700000,1014.0,13.0,-9.0,-5.6000000000000005,-8.0,0.0,0.0,0.0
1294,Matt Szczur,2017,OF,2,950000,430.67,1.0,0.0,-1.0,0.0,0.0,0.0,0.0
1296,Joe Panik,2017,2B,3,3450000,1191.0,9.0,-7.0,-1.2,-4.0,0.0,0.0,0.0
1303,Mike Zunino,2017,C,3,2975000,994.0,7.0,4.0,0.0,0.0,10.2,54.0,17.0
1306,Marcell Ozuna,2017,LF,4,9000000,1354.33,5.0,6.0,2.8000000000000003,2.0,0.0,0.0,0.0
1308,Randal Grichuk,2017,RF,3,2800000,914.3,3.0,2.0,5.0,5.0,0.0,0.0,0.0
1311,Corey Dickerson,2017,LF,4,5950000,753.0,1.0,1.0,2.5,-1.0,0.0,0.0,0.0
1313,Adeiny Hechavarria,2017,SS,5,5900000,813.33,4.0,-6.0,4.5,4.0,0.0,0.0,0.0
1314,Brad Miller,2017,2B,4,4500000,789.67,11.0,-2.0,-5.6,-4.0,0.0,0.0,0.0
1315,Steven Souza Jr.,2017,RF,3,3550000,1212.0,6.0,5.0,4.0,7.0,0.0,0.0,0.0
1317,Jesus Sucre,2017,C,3,925000,464.33,0.0,1.0,0.0,0.0,2.9,19.0,7.0
1318,Matt Duffy,2017,SS,3,930000,,,,,,,,
1321,Jurickson Profar,2017,LF,3,1050000,160.33,0.0,2.0,1.5,1.0,0.0,0.0,0.0
1322,Ryan Rua,2017,OF,2,870000,355.33,1.0,3.0,0.7999999999999999,0.0,0.0,0.0,0.0
1323,Josh Donaldson,2017,3B,5,23000000,939.0,14.0,-1.0,0.30000000000000004,1.0,0.0,0.0,0.0
1327,Kevin Pillar,2017,OF,3,3250000,1343.33,1.0,14.0,5.4,-1.0,0.0,0.0,0.0
1330,Ezequiel Carrera,2017,OF,4,1900000,701.4,4.0,-12.0,-7.1,-7.0,0.0,0.0,0.0
1331,Devon Travis,2017,2B,3,1450000,424.33,4.0,1.0,1.9,-1.0,0.0,0.0,0.0
1333,Anthony Rendon,2017,3B,4,12300000,1268.33,7.0,9.0,12.1,3.0,0.0,0.0,0.0
1335,Michael A. Taylor,2017,OF,3,2525000,943.33,4.0,12.0,10.200000000000001,9.0,0.0,0.0,0.0
1342,Tommy La Stella,2018,2B,4,1350000,205.39999999999998,4.0,0.0,0.0,-1.0,0.0,0.0,0.0
1344,David Peralta,2018,RF,4,7000000,1229.3,4.0,0.0,1.4,-2.0,0.0,0.0,0.0
1347,Jake Lamb,2018,3B,4,4825000,464.33,3.0,2.0,0.7,1.0,0.0,0.0,0.0
1348,Steven Souza Jr.,2018,RF,4,4125000,556.67,3.0,-2.0,-4.9,1.0,0.0,0.0,0.0
1349,Nick Ahmed,2018,SS,4,3662500,1239.67,9.0,28.0,4.6,26.0,0.0,0.0,0.0
1350,Chris Owings,2018,SS,5,3000000,595.4,3.0,6.0,2.0,2.0,0.0,0.0,0.0
1356,John Ryan Murphy,2018,C,3,900000,446.67,6.0,5.0,0.0,0.0,9.4,28.0,9.0
1360,Adam Duvall,2018,LF,3,2875000,826.3000000000001,2.0,16.0,7.0,7.0,0.0,0.0,0.0
1364,Charlie Culberson,2018,2B,3,1395000,602.5999999999999,5.0,-9.0,-4.3,-3.0,0.0,0.0,0.0
1365,Jonathan Villar,2018,2B,4,4825000,1015.3000000000001,11.0,7.0,1.3,0.0,0.0,0.0,0.0
1368,Mookie Betts,2018,RF,4,20000000,1118.0,1.0,18.0,16.900000000000002,9.0,0.0,0.0,0.0
1369,Xander Bogaerts,2018,SS,5,12000000,1183.33,10.0,-8.0,1.1,-3.0,0.0,0.0,0.0
1370,Jackie Bradley Jr.,2018,CF,4,8550000,1235.1999999999998,6.0,4.0,8.8,11.0,0.0,0.0,0.0
1372,Brock Holt,2018,3B,5,3575000,744.33,1.0,-4.0,1.5,0.0,0.0,0.0,0.0
1373,Sandy Leon,2018,C,4,2475000,685.67,1.0,11.0,0.0,0.0,12.5,26.0,9.0
1379,Blake Swihart,2018,C,2,910000,348.33,1.0,-1.0,0.30000000000000004,-1.0,0.6,14.0,5.0
1380,Jose Abreu,2018,1B,5,16000000,999.67,8.0,-1.0,-4.7,-2.0,0.0,0.0,0.0
1382,Yolmer Sanchez,2018,2B,3,4625000,1328.67,14.0,4.0,3.1,6.0,0.0,0.0,0.0
1384,Avisail Garcia,2018,RF,5,3500000,727.0,2.0,-2.0,-3.1,4.0,0.0,0.0,0.0
1385,Leury Garcia,2018,C,4,1550000,578.6,4.0,2.0,-3.5,-1.0,0.0,0.0,0.0
1386,Kris Bryant,2018,3B,3,12900000,888.3,14.0,-1.0,-5.6000000000000005,-1.0,0.0,0.0,0.0
1388,Javier Baez,2018,2B,3,5200000,1303.7,17.0,10.0,-0.20000000000000007,6.0,0.0,0.0,0.0
1389,Addison Russell,2018,SS,3,3400000,1003.67,17.0,16.0,2.0,14.0,0.0,0.0,0.0
1390,Kyle Schwarber,2018,LF,3,3390000,943.67,1.0,6.0,9.8,-7.0,0.0,0.0,0.0
1393,Ronald Torreyes,2018,2B,2,800000,251.0,2.0,-1.0,2.4000000000000004,-2.0,0.0,0.0,0.0
1395,Scooter Gennett,2018,2B,5,9775000,1210.0,11.0,-12.0,2.1,-4.0,0.0,0.0,0.0
1396,Yasiel Puig,2018,RF,5,9700000,964.67,8.0,3.0,-3.6,-4.0,0.0,0.0,0.0
1397,Billy Hamilton,2018,CF,5,4250000,1238.33,2.0,7.0,5.9,14.0,0.0,0.0,0.0
1398,Jose Peraza,2018,2B,2,2775000,1331.0,22.0,-3.0,-3.6,6.0,0.0,0.0,0.0
1401,Curt Casali,2018,C,2,950000,328.33,4.0,-4.0,0.1,0.0,-4.1,20.0,5.0
1403,Francisco Lindor,2018,SS,3,10550000,1386.33,14.0,6.0,14.1,16.0,0.0,0.0,0.0
1405,Leonys Martin,2018,CF,5,3000000,679.33,2.0,1.0,9.1,2.0,0.0,0.0,0.0
1406,Kevin Plawecki,2018,C,2,1137500,606.67,4.0,0.0,0.2,0.0,-5.2,54.0,16.0
1411,Trevor Story,2018,SS,3,5000000,1372.67,13.0,7.0,-2.2,-5.0,0.0,0.0,0.0
1417,Tony Wolters,2018,C,2,960000,498.0,4.0,14.0,-0.1,0.0,9.6,30.0,11.0
1418,Nolan Arenado,2018,3B,5,26000000,1328.33,14.0,12.0,5.8,8.0,0.0,0.0,0.0
1419,Nick Castellanos,2018,3B,5,9950000,1234.33,3.0,-19.0,-12.9,-20.0,0.0,0.0,0.0
1431,Jake Marisnick,2018,CF,4,2212500,594.67,1.0,12.0,3.5,9.0,0.0,0.0,0.0
1433,Carlos Correa,2018,SS,3,5000000,959.0,6.0,11.0,-4.5,15.0,0.0,0.0,0.0
1436,Cheslor Cuthbert,2018,3B,3,850000,178.67,3.0,0.0,-0.09999999999999998,1.0,0.0,0.0,0.0
1439,Joc Pederson,2018,CF,4,5000000,857.3000000000001,1.0,0.0,0.10000000000000009,-7.0,0.0,0.0,0.0
1440,Corey Seager,2018,SS,3,4000000,221.33,3.0,-1.0,-0.8,-2.0,0.0,0.0,0.0
1441,Enrique Hernandez,2018,2B,4,3725000,959.6,5.0,5.0,2.2,2.0,0.0,0.0,0.0
1442,Chris Taylor,2018,CF,3,3500000,1179.67,12.0,9.0,-6.6,5.0,0.0,0.0,0.0
1447,J.T. Realmuto,2018,C,4,5900000,1029.0,7.0,-1.0,0.6,0.0,1.0,34.0,21.0
1450,Miguel Rojas,2018,SS,4,3155000,1112.3,4.0,6.0,9.100000000000001,11.0,0.0,0.0,0.0
1453,Travis Shaw,2018,3B,3,4675000,1189.33,11.0,12.0,0.9000000000000001,3.0,0.0,0.0,0.0
1456,Hernan Perez,2018,3B,4,2500000,689.6999999999999,4.0,9.0,2.9000000000000004,1.0,0.0,0.0,0.0
1457,Manny Pina,2018,C,3,1750000,743.33,4.0,6.0,0.0,0.0,2.2,29.0,20.0
1458,Erik Kratz,2018,C,4,1500000,494.67,3.0,3.0,0.0,0.0,5.4,31.0,13.0
1460,Tyler Saladino,2018,2B,3,887500,264.67,8.0,3.0,-0.8999999999999999,-1.0,0.0,0.0,0.0
1463,C.J. Cron,2018,1B,4,4800000,513.0,2.0,1.0,1.3,0.0,0.0,0.0,0.0
1464,Eddie Rosario,2018,LF,3,4190000,1083.1999999999998,9.0,10.0,3.2,-1.0,0.0,0.0,0.0
1465,Max Kepler,2018,RF,2,3125000,1275.4,1.0,15.0,10.8,10.0,0.0,0.0,0.0
1466,Miguel Sano,2018,RF,3,2650000,563.33,10.0,-6.0,-2.1,-2.0,0.0,0.0,0.0
1467,Byron Buxton,2018,CF,2,1750000,232.0,0.0,2.0,2.2,1.0,0.0,0.0,0.0
1469,Ehire Adrianza,2018,2B,4,1300000,849.5,9.0,-7.0,-1.8,4.0,0.0,0.0,0.0
1471,Didi Gregorius,2018,SS,5,11750000,1149.33,6.0,2.0,3.9,-7.0,0.0,0.0,0.0
1475,Aaron Hicks,2018,OF,5,6000000,1138.33,2.0,-7.0,0.7,-3.0,0.0,0.0,0.0
1476,Austin Romine,2018,C,5,1800000,611.33,4.0,5.0,0.0,0.0,4.8,45.0,16.0
1478,Greg Bird,2018,1B,3,1200000,625.67,2.0,2.0,2.4,1.0,0.0,0.0,0.0
1483,Michael Conforto,2018,LF,3,4025000,1270.4,3.0,-5.0,-3.5,3.0,0.0,0.0,0.0
1484,Travis d'Arnaud,2018,C,5,3515000,39.0,1.0,-1.0,0.0,0.0,1.1,7.0,1.0
1486,Khris Davis,2018,LF,5,16500000,86.0,0.0,-5.0,-3.0,-3.0,0.0,0.0,0.0
1488,Marcus Semien,2018,SS,4,5900000,1423.67,20.0,11.0,8.3,1.0,0.0,0.0,0.0
1489,Jurickson Profar,2018,LF,4,3600000,1207.4,25.0,-16.0,-3.5,-12.0,0.0,0.0,0.0
1492,Mark Canha,2018,1B,3,2050000,878.4,0.0,-4.0,1.7000000000000002,-1.0,0.0,0.0,0.0
1494,Josh Phegley,2018,C,4,1075000,247.33,1.0,-1.0,0.0,0.0,-1.2,13.0,7.0
1497,Cesar Hernandez,2018,2B,4,7750000,1349.67,12.0,-5.0,-3.1,-4.0,0.0,0.0,0.0
1498,Maikel Franco,2018,3B,3,5200000,965.67,15.0,-10.0,-5.0,-4.0,0.0,0.0,0.0
1502,Aaron Altherr,2018,OF,3,1350000,524.67,1.0,-1.0,-0.8,1.0,0.0,0.0,0.0
1506,Corey Dickerson,2018,LF,5,8500000,1057.33,1.0,15.0,8.6,8.0,0.0,0.0,0.0
1509,Travis Jankowski,2018,CF,2,11650000,758.4,2.0,4.0,1.5,8.0,0.0,0.0,0.0
1511,Austin Hedges,2018,C,2,2060000,725.0,11.0,10.0,0.0,0.0,12.6,45.0,13.0
1514,Greg Garcia,2018,SS,3,910000,349.3,5.0,-1.0,2.0,-2.0,0.0,0.0,0.0
1516,Domingo Santana,2018,RF,3,1950000,433.33,1.0,6.0,2.7,2.0,0.0,0.0,0.0
1519,Joe Panik,2018,2B,4,3850000,803.3000000000001,6.0,-4.0,0.2,2.0,0.0,0.0,0.0
1520,Marcell Ozuna,2018,LF,5,12250000,1283.33,4.0,3.0,4.0,-1.0,0.0,0.0,0.0
1524,Mike Zunino,2018,C,4,4412500,921.67,2.0,11.0,0.0,0.0,6.9,34.0,18.0
1525,Matt Duffy,2018,SS,4,2675000,1063.33,13.0,0.0,3.6,-2.0,0.0,0.0,0.0
1527,Tommy Pham,2018,CF,3,4100000,1106.67,5.0,-2.0,-0.19999999999999996,1.0,0.0,0.0,0.0
1528,Nomar Mazara,2018,RF,3,3300000,993.0,2.0,-7.0,2.0999999999999996,-7.0,0.0,0.0,0.0
1529,Delino DeShields,2018,C,3,1400000,829.33,7.0,8.0,3.4,10.0,0.0,0.0,0.0
1532,Kevin Pillar,2018,CF,4,5800000,1172.33,6.0,-3.0,2.3,2.0,0.0,0.0,0.0
1533,Randal Grichuk,2018,LF,4,5000000,974.4000000000001,1.0,2.0,0.5,7.0,0.0,0.0,0.0
1535,Devon Travis,2018,2B,3,1950000,829.67,9.0,-4.0,-8.5,-13.0,0.0,0.0,0.0
1536,Brandon Drury,2018,3B,2,1300000,178.0,4.0,-1.0,-0.5,-2.0,0.0,0.0,0.0
1539,Anthony Rendon,2018,3B,5,18800000,1186.0,6.0,2.0,5.9,3.0,0.0,0.0,0.0
1540,Trea Turner,2018,SS,2,3725000,1401.0,12.0,8.0,3.2,9.0,0.0,0.0,0.0
1543,Michael A. Taylor,2018,CF,4,3250000,811.33,1.0,14.0,3.4,8.0,0.0,0.0,0.0
1545,Tommy La Stella,2019,2B,5,3250000,585.3,5.0,-3.0,0.0,-2.0,0.0,0.0,0.0
1549,Max Stassi,2019,C,3,800000,357.33,2.0,3.0,0.0,0.0,9.9,25.0,6.0
1550,Brian Goodwin,2019,OF,3,2200000,925.67,5.0,1.0,-1.4,3.0,0.0,0.0,0.0
1554,Jake Lamb,2019,1B,5,5510000,424.33,2.0,1.0,-1.6999999999999997,0.0,0.0,0.0,0.0
1561,Adam Duvall,2019,LF,3,3250000,239.0,2.0,2.0,-0.2,1.0,0.0,0.0,0.0
1562,Dansby Swanson,2019,SS,3,3150000,1090.67,12.0,-2.0,-6.4,1.0,0.0,0.0,0.0
1565,Johan Camargo,2019,2B,2,1700000,434.8,7.0,-4.0,-3.8,-3.0,0.0,0.0,0.0
1567,Hanser Alberto,2019,SS,3,1650000,1102.4,10.0,7.0,3.2,4.0,0.0,0.0,0.0
1570,Trey Mancini,2019,1B,3,4750000,1167.3000000000002,1.0,-5.0,-4.1,-7.0,0.0,0.0,0.0
1571,Jackie Bradley Jr.,2019,CF,5,11000000,1260.0,4.0,0.0,-0.7,4.0,0.0,0.0,0.0
1572,Mookie Betts,2019,RF,5,27000000,1273.33,2.0,20.0,12.700000000000001,5.0,0.0,0.0,0.0
1578,James McCann,2019,C,5,5400000,905.33,7.0,4.0,0.0,0.0,-9.0,37.0,17.0
1579,Leury Garcia,2019,C,5,3250000,1158.67,11.0,-7.0,-0.30000000000000004,0.0,0.0,0.0,0.0
1582,Nomar Mazara,2019,RF,4,5560000,878.33,1.0,-1.0,-2.7,1.0,0.0,0.0,0.0
1583,Kris Bryant,2019,3B,4,18600000,1239.3,15.0,-2.0,-3.7,-1.0,0.0,0.0,0.0
1584,Javier Baez,2019,2B,4,10000000,1125.67,15.0,32.0,10.2,24.0,0.0,0.0,0.0
1585,Kyle Schwarber,2019,LF,4,7010000,1157.67,6.0,-2.0,-0.9,-10.0,0.0,0.0,0.0
1586,Willson Contreras,2019,C,3,4500000,830.4000000000001,12.0,-2.0,1.0,0.0,-8.9,39.0,16.0
1587,Albert Almora Jr.,2019,CF,3,1575000,765.33,3.0,-3.0,-2.5,3.0,0.0,0.0,0.0
1593,Curt Casali,2019,C,3,1462500,510.33,3.0,7.0,0.0,0.0,0.3,34.0,11.0
1594,Travis Jankowski,2019,CF,3,1050000,39.67,0.0,2.0,0.7,0.0,0.0,0.0,0.0
1596,Sandy Leon,2019,C,5,2000000,469.0,3.0,-1.0,0.0,0.0,2.9,26.0,7.0
1597,Francisco Lindor,2019,SS,4,17500000,1196.33,10.0,9.0,6.4,18.0,0.0,0.0,0.0
1600,Tyler Naquin,2019,RF,3,1450000,649.67,0.0,8.0,9.8,2.0,0.0,0.0,0.0
1601,Delino DeShields,2019,C,4,1875000,860.67,5.0,5.0,2.2,10.0,0.0,0.0,0.0
1606,David Dahl,2019,LF,2,2425000,798.4,2.0,-7.0,-3.0,2.0,0.0,0.0,0.0
1612,JaCoby Jones,2019,CF,2,1575000,725.67,4.0,-14.0,-12.5,0.0,0.0,0.0,0.0
1613,George Springer,2019,CF,5,21000000,914.3,2.0,12.0,8.8,6.0,0.0,0.0,0.0
1616,Carlos Correa,2019,SS,4,8000000,642.33,2.0,9.0,0.1,8.0,0.0,0.0,0.0
1620,Aledmys Diaz,2019,SS,3,2600000,497.4,3.0,-3.0,-1.2,0.0,0.0,0.0,0.0
1621,Jorge Soler,2019,RF,4,7300000,447.33,3.0,-9.0,-3.4,-3.0,0.0,0.0,0.0
1624,Enrique Hernandez,2019,2B,5,5900000,922.4,6.0,14.0,2.1,-2.0,0.0,0.0,0.0
1625,Joc Pederson,2019,CF,5,7750000,938.67,8.0,4.0,1.7999999999999998,-4.0,0.0,0.0,0.0
1626,Corey Seager,2019,SS,4,7600000,1082.67,15.0,-1.0,-1.5,3.0,0.0,0.0,0.0
1628,Austin Barnes,2019,C,3,1100000,529.67,6.0,7.0,0.3,0.0,5.8,18.0,5.0
1630,Cody Bellinger,2019,1B,2,11500000,1311.3,4.0,23.0,9.8,8.0,0.0,0.0,0.0
1632,Jonathan Villar,2019,2B,5,8200000,1391.33,20.0,-6.0,-6.0,-8.0,0.0,0.0,0.0
1635,Jesus Aguilar,2019,1B,3,2575000,580.3000000000001,4.0,0.0,0.4,0.0,0.0,0.0,0.0
1637,Orlando Arcia,2019,SS,3,2200000,1241.33,14.0,-2.0,-0.9,-5.0,0.0,0.0,0.0
1638,Ben Gamel,2019,OF,3,1400000,694.67,1.0,5.0,3.6999999999999997,3.0,0.0,0.0,0.0
1640,Ehire Adrianza,2019,SS,5,1600000,517.4,8.0,-4.0,-2.6,-3.0,0.0,0.0,0.0
1642,Eddie Rosario,2019,LF,4,7750000,1146.0,5.0,-11.0,-5.5,-14.0,0.0,0.0,0.0
1643,Byron Buxton,2019,CF,3,3075000,692.0,2.0,8.0,8.7,11.0,0.0,0.0,0.0
1650,Gary Sanchez,2019,C,3,5000000,742.67,15.0,-2.0,0.0,0.0,-6.8,36.0,11.0
1651,Aaron Judge,2019,RF,3,8500000,775.33,0.0,21.0,12.7,5.0,0.0,0.0,0.0
1655,Gio Urshela,2019,3B,2,2475000,984.33,13.0,0.0,-2.4,-5.0,0.0,0.0,0.0
1657,Jake Marisnick,2019,CF,5,3312500,733.0,1.0,7.0,3.4,7.0,0.0,0.0,0.0
1661,Michael Conforto,2019,RF,4,8000000,1280.33,3.0,-1.0,-1.2999999999999998,5.0,0.0,0.0,0.0
1664,Brandon Nimmo,2019,LF,3,2175000,480.29999999999995,1.0,-1.0,-1.0,2.0,0.0,0.0,0.0
1668,Marcus Semien,2019,SS,5,13000000,1435.0,12.0,7.0,6.7,-3.0,0.0,0.0,0.0
1669,Robbie Grossman,2019,LF,5,3725000,976.33,0.0,2.0,3.9000000000000004,2.0,0.0,0.0,0.0
1670,Mark Canha,2019,1B,4,4800000,873.3,2.0,-6.0,-1.2000000000000002,0.0,0.0,0.0,0.0
1673,Chad Pinder,2019,2B,3,2025000,772.5,5.0,9.0,5.8,-3.0,0.0,0.0,0.0
1674,J.T. Realmuto,2019,C,5,10000000,1160.33,9.0,11.0,0.3,0.0,8.0,49.0,43.0
1680,Andrew Knapp,2019,C,3,710000,305.33,3.0,0.0,0.2,0.0,0.3,17.0,7.0
1685,Adam Frazier,2019,SS,3,2800000,1180.67,6.0,5.0,2.9,7.0,0.0,0.0,0.0
1687,Josh Bell,2019,1B,3,4800000,1160.67,13.0,-6.0,-7.5,-3.0,0.0,0.0,0.0
1689,Erik Gonzalez,2019,SS,3,725000,359.67,6.0,7.0,1.6,0.0,0.0,0.0,0.0
1690,Jurickson Profar,2019,2B,5,5700000,1079.0,13.0,-18.0,0.10000000000000009,-4.0,0.0,0.0,0.0
1692,Greg Garcia,2019,SS,4,1500000,666.33,5.0,-4.0,1.9,0.0,0.0,0.0,0.0
1693,Austin Hedges,2019,C,3,3000000,816.0,11.0,20.0,-0.4,0.0,20.7,24.0,12.0
1696,Manuel Margot,2019,CF,3,2475000,943.33,2.0,6.0,5.8,12.0,0.0,0.0,0.0
1697,Tommy Pham,2019,LF,4,7900000,1093.33,0.0,2.0,0.4,-10.0,0.0,0.0,0.0
1700,Mallex Smith,2019,LF,3,2350000,1111.3,5.0,-11.0,-9.5,10.0,0.0,0.0,0.0
1702,Mitch Haniger,2019,RF,3,3010000,539.33,1.0,3.0,0.40000000000000013,4.0,0.0,0.0,0.0
1703,Donovan Solano,2019,2B,4,1375000,407.0,2.0,0.0,1.0,2.0,0.0,0.0,0.0
1704,Alex Dickerson,2019,LF,3,925000,345.33,0.0,-2.0,-2.0,-1.0,0.0,0.0,0.0
1707,Mike Zunino,2019,C,5,4500000,689.67,6.0,8.0,0.0,0.0,4.8,27.0,17.0
1708,Hunter Renfroe,2019,RF,2,3300000,997.3,2.0,19.0,10.1,5.0,0.0,0.0,0.0
1712,Daniel Robertson,2019,SS,2,1025000,531.4,6.0,-4.0,-1.1,2.0,0.0,0.0,0.0
1713,Danny Santana,2019,C,4,3600000,996.5,15.0,-6.0,-6.6,-1.0,0.0,0.0,0.0
1716,Joey Gallo,2019,3B,3,4400000,550.4,4.0,5.0,5.2,1.0,0.0,0.0,0.0
1719,Brandon Drury,2019,3B,3,2050000,989.3,5.0,-6.0,-3.1,3.0,0.0,0.0,0.0
1721,Michael A. Taylor,2019,OF,4,3325000,189.33,1.0,-1.0,-1.3,1.0,0.0,0.0,0.0
1724,Trea Turner,2019,SS,3,7450000,1065.33,13.0,4.0,-7.0,2.0,0.0,0.0,0.0
1725,Wilmer Difo,2019,SS,3,1000000,324.67,2.0,-6.0,-0.30000000000000004,2.0,0.0,0.0,0.0
1727,Max Stassi,2021,C,5,3000000,703.0,4.0,10.0,0.0,0.0,12.0,44.0,8.0
1728,Tyler Wade,2021,2B,3,825000,400.79999999999995,4.0,-5.0,2.4000000000000004,0.0,0.0,0.0,0.0
1729,Carson Kelly,2021,C,3,3325000,706.67,5.0,2.0,0.0,0.0,0.2,33.0,10.0
1730,Jordan Luplow,2021,OF,3,1400000,369.29999999999995,0.0,-3.0,-1.6,0.0,0.0,0.0,0.0
1733,Christian Walker,2021,1B,3,2600000,866.0,6.0,4.0,2.3,2.0,0.0,0.0,0.0
1736,Adam Duvall,2021,RF,5,9275000,1154.3,4.0,19.0,9.9,4.0,0.0,0.0,0.0
1738,Guillermo Heredia,2021,OF,4,1000000,761.67,3.0,1.0,-0.7,5.0,0.0,0.0,0.0
1743,Austin Riley,2021,3B,2,3950000,1374.4,14.0,13.0,-7.9,-3.0,0.0,0.0,0.0
1745,Dansby Swanson,2021,SS,5,10000000,1372.0,10.0,-7.0,1.1,2.0,0.0,0.0,0.0
1748,Anthony Santander,2021,RF,3,3150000,698.33,1.0,-1.0,0.7999999999999999,-4.0,0.0,0.0,0.0
1750,Christian Arroyo,2021,3B,3,1200000,392.67,0.0,5.0,2.4000000000000004,1.0,0.0,0.0,0.0
1752,Rafael Devers,2021,3B,4,11200000,1302.0,22.0,-13.0,-5.5,-9.0,0.0,0.0,0.0
1754,Kevin Plawecki,2021,C,5,2250000,339.67,2.0,-3.0,0.0,0.0,1.7,37.0,3.0
1756,Alex Verdugo,2021,OF,3,3550000,1188.0,4.0,1.0,-4.1,-6.0,0.0,0.0,0.0
1757,Adam Engel,2021,OF,4,2000000,300.0,1.0,7.0,1.7000000000000002,3.0,0.0,0.0,0.0
1760,Willson Contreras,2021,C,5,9625000,937.67,7.0,8.0,-0.2,0.0,-4.5,46.0,12.0
1761,Ian Happ,2021,CF,4,6850000,1026.8,1.0,-3.0,-4.7,-5.0,0.0,0.0,0.0
1762,Harold Ramirez,2021,OF,2,728000,756.3,2.0,-8.0,-5.6,-5.0,0.0,0.0,0.0
1765,Kyle Farmer,2021,C,3,3155000,1139.5,6.0,2.0,1.1,4.0,0.0,0.0,0.0
1768,Tyler Naquin,2021,RF,5,4025000,912.4000000000001,4.0,-9.0,-6.0,-7.0,0.0,0.0,0.0
1769,Nick Senzel,2021,OF,2,1250000,254.39999999999998,3.0,-1.0,-1.2,0.0,0.0,0.0,0.0
1772,Austin Hedges,2021,C,5,4000000,743.67,2.0,12.0,0.0,0.0,5.8,31.0,14.0
1773,Josh Naylor,2021,LF,2,1200000,519.3,4.0,-1.0,-6.2,0.0,0.0,0.0,0.0
1775,Franmil Reyes,2021,RF,3,4550000,76.0,0.0,-1.0,0.4,-2.0,0.0,0.0,0.0
1776,Amed Rosario,2021,SS,4,4950000,1142.3,10.0,-11.0,1.2,-4.0,0.0,0.0,0.0
1777,Bradley Zimmer,2021,OF,3,1300000,759.3,1.0,3.0,2.8,9.0,0.0,0.0,0.0
1780,Garrett Hampson,2021,2B,3,1863000,966.67,1.0,3.0,4.3,6.0,0.0,0.0,0.0
1783,Raimel Tapia,2021,OF,4,3950000,984.0,3.0,8.0,4.1,1.0,0.0,0.0,0.0
1784,Jeimer Candelario,2021,3B,4,5800000,1237.67,9.0,-3.0,-6.1,-1.0,0.0,0.0,0.0
1785,Harold Castro,2021,3B,2,1275000,721.4,3.0,-9.0,0.39999999999999997,-9.0,0.0,0.0,0.0
1788,Dustin Garneau,2021,C,3,1175000,165.0,2.0,0.0,0.0,0.0,-0.6,9.0,5.0
1790,Victor Reyes,2021,RF,3,1400000,502.4,1.0,-6.0,-1.3,-1.0,0.0,0.0,0.0
1791,Aledmys Diaz,2021,SS,5,4450000,587.33,3.0,8.0,2.5,6.0,0.0,0.0,0.0
1798,Andrew Benintendi,2021,LF,5,8500000,1116.0,3.0,7.0,4.9,0.0,0.0,0.0,0.0
1799,Cam Gallagher,2021,C,3,885000,308.67,5.0,6.0,0.0,0.0,3.3,13.0,4.0
1802,Nicky Lopez,2021,SS,2,2550000,1260.67,7.0,5.0,5.3,20.0,0.0,0.0,0.0
1803,Adalberto Mondesi,2021,SS,4,3000000,257.33,2.0,-2.0,0.2,3.0,0.0,0.0,0.0
1804,Ryan O'Hearn,2021,1B,3,1300000,289.0,3.0,-1.0,0.6,0.0,0.0,0.0,0.0
1805,Cody Bellinger,2021,1B,4,17000000,733.4000000000001,4.0,-3.0,1.0,2.0,0.0,0.0,0.0
1807,Trea Turner,2021,SS,5,21000000,1253.4,16.0,4.0,2.6,2.0,0.0,0.0,0.0
1809,Brian Anderson,2021,3B,4,4475000,560.67,5.0,3.0,2.8,0.0,0.0,0.0,0.0
1810,Jon Berti,2021,3B,2,1200000,568.5,9.0,2.0,-2.7,0.0,0.0,0.0,0.0
1811,Garrett Cooper,2021,RF,4,2500000,446.67,1.0,-2.0,-1.0999999999999999,-3.0,0.0,0.0,0.0
1815,Jacob Stallings,2021,C,3,2450000,893.0,5.0,21.0,0.0,0.0,8.8,45.0,12.0
1816,Joey Wendle,2021,3B,4,4550000,1080.4,11.0,10.0,3.2,7.0,0.0,0.0,0.0
1817,Willy Adames,2021,SS,3,4600000,1150.0,15.0,1.0,2.6,-6.0,0.0,0.0,0.0
1823,Omar Narvaez,2021,C,5,5000000,887.33,6.0,2.0,0.0,-1.0,8.8,62.0,17.0
1824,Jace Peterson,2021,2B,5,1850000,618.5,5.0,-2.0,-3.1,-1.0,0.0,0.0,0.0
1825,Hunter Renfroe,2021,RF,4,7650000,1213.0,12.0,-1.0,-2.6,-3.0,0.0,0.0,0.0
1827,Rowdy Tellez,2021,1B,3,1940000,485.33,6.0,-4.0,-2.0,-3.0,0.0,0.0,0.0
1828,Luis Urias,2021,SS,2,2550000,1179.4,24.0,0.0,-3.4,-8.0,0.0,0.0,0.0
1830,Luis Arraez,2021,2B,2,2125000,900.4,8.0,10.0,-0.5000000000000001,-4.0,0.0,0.0,0.0
1831,Jake Cave,2021,OF,3,800000,411.67,2.0,-3.0,1.5999999999999999,-1.0,0.0,0.0,0.0
1834,Gary Sanchez,2021,C,5,9000000,879.33,6.0,-10.0,0.0,0.0,-2.5,50.0,10.0
1836,Gio Urshela,2021,3B,4,6550000,954.67,12.0,-5.0,0.7,-3.0,0.0,0.0,0.0
1837,Miguel Andujar,2021,3B,3,1300000,350.33,1.0,-1.0,-0.6,-2.0,0.0,0.0,0.0
1838,Joey Gallo,2021,OF,5,10275000,1177.4,7.0,15.0,0.6999999999999997,4.0,0.0,0.0,0.0
1841,Kyle Higashioka,2021,C,3,935000,519.33,3.0,5.0,0.0,0.0,5.5,33.0,5.0
1843,Aaron Judge,2021,RF,5,19000000,1070.0,3.0,10.0,2.5999999999999996,0.0,0.0,0.0,0.0
1844,Isiah Kiner-Falefa,2021,C,4,4700000,1360.0,19.0,10.0,1.2,-5.0,0.0,0.0,0.0
1846,Tim Locastro,2021,2B,3,900000,293.4,0.0,0.0,-0.8999999999999999,1.0,0.0,0.0,0.0
1851,Gleyber Torres,2021,SS,3,6250000,1084.3,19.0,-12.0,-2.5,-7.0,0.0,0.0,0.0
1852,Pete Alonso,2021,1B,3,7400000,1243.67,8.0,5.0,-1.7,2.0,0.0,0.0,0.0
1854,J.D. Davis,2021,3B,3,2760000,382.67,4.0,-7.0,-0.3,-2.0,0.0,0.0,0.0
1856,Luis Guillorme,2021,2B,2,875000,326.3,6.0,-3.0,-1.0,0.0,0.0,0.0,0.0
1859,Jeff McNeil,2021,3B,3,3000000,827.67,8.0,5.0,-3.3,4.0,0.0,0.0,0.0
1860,Brandon Nimmo,2021,LF,5,7000000,711.67,1.0,5.0,3.4,4.0,0.0,0.0,0.0
1861,Dominic Smith,2021,1B,3,3950000,929.4000000000001,2.0,-3.0,-3.4,-9.0,0.0,0.0,0.0
1864,Tony Kemp,2021,2B,4,2250000,858.3,5.0,2.0,-2.6,2.0,0.0,0.0,0.0
1867,Chad Pinder,2021,2B,5,2725000,487.67,2.0,-3.0,-0.9000000000000001,-5.0,0.0,0.0,0.0
1871,Rhys Hoskins,2021,1B,4,7700000,854.67,4.0,-7.0,2.5,-1.0,0.0,0.0,0.0
1872,Ben Gamel,2021,CF,5,1800000,796.33,0.0,-10.0,1.6,-10.0,0.0,0.0,0.0
1873,Kevin Newman,2021,2B,3,1950000,1166.33,3.0,6.0,6.800000000000001,2.0,0.0,0.0,0.0
1876,Jorge Alfaro,2021,C,4,2725000,634.67,4.0,-3.0,-0.9,-1.0,2.4,12.0,9.0
1877,Victor Caratini,2021,C,4,2000000,796.33,2.0,-7.0,-0.4,0.0,-4.2,47.0,10.0
1883,Luke Voit,2021,1B,3,5450000,344.33,5.0,-2.0,0.2,-2.0,0.0,0.0,0.0
1885,J.P. Crawford,2021,SS,3,4850000,1412.33,12.0,8.0,0.8,0.0,0.0,0.0,0.0
1886,Adam Frazier,2021,SS,5,8000000,1214.67,5.0,7.0,0.39999999999999997,1.0,0.0,0.0,0.0
1887,Mitch Haniger,2021,RF,5,7750000,1080.67,3.0,-3.0,-1.9,-6.0,0.0,0.0,0.0
1888,Dylan Moore,2021,3B,3,1350000,907.4000000000001,4.0,10.0,0.29999999999999993,9.0,0.0,0.0,0.0
1889,Tom Murphy,2021,C,4,1575000,727.67,7.0,1.0,0.0,0.0,-1.9,44.0,9.0
1893,Luis Torrens,2021,C,2,1200000,325.67,2.0,-3.0,-0.1,-1.0,-5.1,22.0,3.0
1895,Curt Casali,2021,C,5,2600000,513.33,4.0,2.0,0.0,0.0,0.2,17.0,5.0
1898,Austin Slater,2021,OF,3,1850000,602.3,0.0,2.0,4.6,2.0,0.0,0.0,0.0
1899,Mike Yastrzemski,2021,OF,2,3700000,1058.3,1.0,7.0,0.8,4.0,0.0,0.0,0.0
1904,Tyler O'Neill,2021,LF,3,3400000,1105.0,9.0,11.0,6.7,3.0,0.0,0.0,0.0
1909,Ji-Man Choi,2021,1B,4,3200000,587.33,2.0,-4.0,-1.4,-1.0,0.0,0.0,0.0
1910,Yandy Diaz,2021,3B,3,2800000,1047.3000000000002,4.0,-9.0,-0.20000000000000007,-1.0,0.0,0.0,0.0
1913,Manuel Margot,2021,CF,5,5600000,960.4000000000001,4.0,13.0,3.1,14.0,0.0,0.0,0.0
1914,Austin Meadows,2021,RF,3,4000000,623.67,2.0,-3.0,2.1999999999999997,-4.0,0.0,0.0,0.0
1915,Francisco Mejia,2021,C,3,1455000,595.3000000000001,4.0,2.0,0.0,0.0,-3.0,21.0,9.0
1916,Brett Phillips,2021,OF,3,1400000,714.33,4.0,11.0,4.9,9.0,0.0,0.0,0.0
1920,Willie Calhoun,2021,2B,3,1300000,321.0,0.0,-1.0,-3.2,-2.0,0.0,0.0,0.0
1921,Mitch Garver,2021,C,4,3335000,460.67,2.0,-1.0,-0.9,-1.0,0.3,24.0,5.0
1924,Cavan Biggio,2021,2B,2,2123000,611.67,9.0,0.0,-3.9,-6.0,0.0,0.0,0.0
1927,Vladimir Guerrero Jr.,2021,1B,2,7900000,1145.67,8.0,2.0,1.8,-3.0,0.0,0.0,0.0
1928,Teoscar Hernandez,2021,LF,4,10650000,1138.0,5.0,-2.0,0.09999999999999998,0.0,0.0,0.0,0.0
1929,Danny Jansen,2021,C,3,1950000,481.33,2.0,0.0,0.0,0.0,1.3,19.0,5.0
1933,Josh Bell,2021,1B,5,10000000,1042.67,5.0,1.0,-2.9000000000000004,2.0,0.0,0.0,0.0
1936,Victor Robles,2021,OF,3,1650000,792.33,0.0,0.0,-0.1,2.0,0.0,0.0,0.0
1938,Juan Soto,2021,LF,3,17100000,1226.0,6.0,4.0,2.2,4.0,0.0,0.0,0.0
1939,Andrew Stevenson,2021,LF,2,850000,372.3,2.0,1.0,0.19999999999999996,0.0,0.0,0.0,0.0
